ISO-10303-21;
HEADER;
/* Generated by software containing ST-Developer
 * from STEP Tools, Inc. (www.steptools.com) 
 */

FILE_DESCRIPTION(
/* description */ (''),
/* implementation_level */ '2;1');

FILE_NAME(
/* name */ 'BOTTOM.step',
/* time_stamp */ '2026-10-02T21:16:48-04:00',
/* author */ (''),
/* organization */ (''),
/* preprocessor_version */ 'ST-DEVELOPER v20.2',
/* originating_system */ 'Autodesk Translation Framework v15.15.0.0',
/* authorisation */ '');

FILE_SCHEMA (('AUTOMOTIVE_DESIGN { 1 0 10303 214 3 1 1 }'));
ENDSEC;

DATA;
#10=MECHANICAL_DESIGN_GEOMETRIC_PRESENTATION_REPRESENTATION('',(#13),#2282);
#11=SHAPE_REPRESENTATION_RELATIONSHIP('SRR','None',#2289,#12);
#12=ADVANCED_BREP_SHAPE_REPRESENTATION('',(#14),#2281);
#13=STYLED_ITEM('',(#2299),#14);
#14=MANIFOLD_SOLID_BREP('Body4',#1220);
#15=FACE_BOUND('',#367,.T.);
#16=FACE_BOUND('',#368,.T.);
#17=FACE_BOUND('',#381,.T.);
#18=FACE_BOUND('',#389,.T.);
#19=FACE_BOUND('',#392,.T.);
#20=FACE_BOUND('',#401,.T.);
#21=FACE_BOUND('',#415,.T.);
#22=FACE_BOUND('',#420,.T.);
#23=FACE_BOUND('',#421,.T.);
#24=FACE_BOUND('',#424,.T.);
#25=FACE_BOUND('',#429,.T.);
#26=SPHERICAL_SURFACE('',#1270,0.999999999999996);
#27=SPHERICAL_SURFACE('',#1287,1.);
#28=PLANE('',#1243);
#29=PLANE('',#1250);
#30=PLANE('',#1257);
#31=PLANE('',#1258);
#32=PLANE('',#1259);
#33=PLANE('',#1260);
#34=PLANE('',#1275);
#35=PLANE('',#1284);
#36=PLANE('',#1285);
#37=PLANE('',#1286);
#38=PLANE('',#1294);
#39=PLANE('',#1297);
#40=PLANE('',#1302);
#41=PLANE('',#1305);
#42=PLANE('',#1308);
#43=PLANE('',#1312);
#44=PLANE('',#1314);
#45=PLANE('',#1315);
#46=PLANE('',#1316);
#47=PLANE('',#1317);
#48=PLANE('',#1318);
#49=PLANE('',#1319);
#50=PLANE('',#1322);
#51=PLANE('',#1323);
#52=PLANE('',#1330);
#53=PLANE('',#1333);
#54=PLANE('',#1356);
#55=PLANE('',#1358);
#56=PLANE('',#1360);
#57=PLANE('',#1365);
#58=PLANE('',#1372);
#59=PLANE('',#1373);
#60=PLANE('',#1374);
#61=PLANE('',#1375);
#62=ELLIPSE('',#1241,1.41421356237309,1.);
#63=ELLIPSE('',#1242,1.41421356237309,1.);
#64=ELLIPSE('',#1274,1.41421356237308,1.);
#65=ELLIPSE('',#1281,1.08436233610622,1.);
#66=ELLIPSE('',#1283,1.08436233610622,1.);
#67=ELLIPSE('',#1291,1.4142135623731,1.);
#68=LINE('',#1806,#161);
#69=LINE('',#1810,#162);
#70=LINE('',#1814,#163);
#71=LINE('',#1835,#164);
#72=LINE('',#1855,#165);
#73=LINE('',#1858,#166);
#74=LINE('',#1859,#167);
#75=LINE('',#1889,#168);
#76=LINE('',#1919,#169);
#77=LINE('',#1928,#170);
#78=LINE('',#1931,#171);
#79=LINE('',#2019,#172);
#80=LINE('',#2022,#173);
#81=LINE('',#2025,#174);
#82=LINE('',#2029,#175);
#83=LINE('',#2032,#176);
#84=LINE('',#2039,#177);
#85=LINE('',#2042,#178);
#86=LINE('',#2045,#179);
#87=LINE('',#2048,#180);
#88=LINE('',#2051,#181);
#89=LINE('',#2053,#182);
#90=LINE('',#2054,#183);
#91=LINE('',#2057,#184);
#92=LINE('',#2058,#185);
#93=LINE('',#2061,#186);
#94=LINE('',#2063,#187);
#95=LINE('',#2064,#188);
#96=LINE('',#2065,#189);
#97=LINE('',#2072,#190);
#98=LINE('',#2075,#191);
#99=LINE('',#2077,#192);
#100=LINE('',#2082,#193);
#101=LINE('',#2085,#194);
#102=LINE('',#2090,#195);
#103=LINE('',#2094,#196);
#104=LINE('',#2096,#197);
#105=LINE('',#2098,#198);
#106=LINE('',#2099,#199);
#107=LINE('',#2101,#200);
#108=LINE('',#2103,#201);
#109=LINE('',#2106,#202);
#110=LINE('',#2108,#203);
#111=LINE('',#2111,#204);
#112=LINE('',#2118,#205);
#113=LINE('',#2126,#206);
#114=LINE('',#2128,#207);
#115=LINE('',#2130,#208);
#116=LINE('',#2131,#209);
#117=LINE('',#2134,#210);
#118=LINE('',#2136,#211);
#119=LINE('',#2137,#212);
#120=LINE('',#2140,#213);
#121=LINE('',#2142,#214);
#122=LINE('',#2143,#215);
#123=LINE('',#2146,#216);
#124=LINE('',#2148,#217);
#125=LINE('',#2149,#218);
#126=LINE('',#2152,#219);
#127=LINE('',#2154,#220);
#128=LINE('',#2155,#221);
#129=LINE('',#2160,#222);
#130=LINE('',#2165,#223);
#131=LINE('',#2167,#224);
#132=LINE('',#2169,#225);
#133=LINE('',#2170,#226);
#134=LINE('',#2174,#227);
#135=LINE('',#2175,#228);
#136=LINE('',#2176,#229);
#137=LINE('',#2180,#230);
#138=LINE('',#2184,#231);
#139=LINE('',#2189,#232);
#140=LINE('',#2193,#233);
#141=LINE('',#2194,#234);
#142=LINE('',#2197,#235);
#143=LINE('',#2201,#236);
#144=LINE('',#2202,#237);
#145=LINE('',#2212,#238);
#146=LINE('',#2220,#239);
#147=LINE('',#2231,#240);
#148=LINE('',#2232,#241);
#149=LINE('',#2239,#242);
#150=LINE('',#2242,#243);
#151=LINE('',#2244,#244);
#152=LINE('',#2248,#245);
#153=LINE('',#2250,#246);
#154=LINE('',#2251,#247);
#155=LINE('',#2258,#248);
#156=LINE('',#2264,#249);
#157=LINE('',#2267,#250);
#158=LINE('',#2271,#251);
#159=LINE('',#2275,#252);
#160=LINE('',#2277,#253);
#161=VECTOR('',#1392,10.);
#162=VECTOR('',#1395,10.);
#163=VECTOR('',#1398,10.);
#164=VECTOR('',#1399,10.);
#165=VECTOR('',#1400,10.);
#166=VECTOR('',#1403,10.);
#167=VECTOR('',#1404,10.);
#168=VECTOR('',#1419,10.);
#169=VECTOR('',#1434,10.);
#170=VECTOR('',#1445,1.);
#171=VECTOR('',#1448,1.);
#172=VECTOR('',#1469,10.);
#173=VECTOR('',#1472,10.);
#174=VECTOR('',#1475,10.);
#175=VECTOR('',#1478,10.);
#176=VECTOR('',#1481,10.);
#177=VECTOR('',#1488,10.);
#178=VECTOR('',#1491,10.);
#179=VECTOR('',#1494,10.);
#180=VECTOR('',#1497,10.);
#181=VECTOR('',#1500,10.);
#182=VECTOR('',#1501,10.);
#183=VECTOR('',#1502,10.);
#184=VECTOR('',#1505,10.);
#185=VECTOR('',#1506,10.);
#186=VECTOR('',#1509,10.);
#187=VECTOR('',#1510,10.);
#188=VECTOR('',#1511,10.);
#189=VECTOR('',#1512,10.);
#190=VECTOR('',#1521,10.);
#191=VECTOR('',#1526,10.);
#192=VECTOR('',#1529,10.);
#193=VECTOR('',#1536,10.);
#194=VECTOR('',#1539,10.);
#195=VECTOR('',#1544,10.);
#196=VECTOR('',#1547,10.);
#197=VECTOR('',#1548,10.);
#198=VECTOR('',#1549,10.);
#199=VECTOR('',#1550,10.);
#200=VECTOR('',#1553,10.);
#201=VECTOR('',#1556,10.);
#202=VECTOR('',#1561,10.);
#203=VECTOR('',#1564,10.);
#204=VECTOR('',#1567,3.00000000000001);
#205=VECTOR('',#1576,3.);
#206=VECTOR('',#1585,10.);
#207=VECTOR('',#1586,10.);
#208=VECTOR('',#1587,10.);
#209=VECTOR('',#1588,10.);
#210=VECTOR('',#1591,10.);
#211=VECTOR('',#1592,10.);
#212=VECTOR('',#1593,10.);
#213=VECTOR('',#1596,10.);
#214=VECTOR('',#1597,10.);
#215=VECTOR('',#1598,10.);
#216=VECTOR('',#1601,10.);
#217=VECTOR('',#1602,10.);
#218=VECTOR('',#1603,10.);
#219=VECTOR('',#1606,10.);
#220=VECTOR('',#1607,10.);
#221=VECTOR('',#1608,10.);
#222=VECTOR('',#1613,10.);
#223=VECTOR('',#1618,10.);
#224=VECTOR('',#1619,10.);
#225=VECTOR('',#1620,10.);
#226=VECTOR('',#1621,10.);
#227=VECTOR('',#1624,10.);
#228=VECTOR('',#1625,10.);
#229=VECTOR('',#1626,10.);
#230=VECTOR('',#1629,10.);
#231=VECTOR('',#1632,10.);
#232=VECTOR('',#1639,10.);
#233=VECTOR('',#1644,10.);
#234=VECTOR('',#1645,10.);
#235=VECTOR('',#1648,10.);
#236=VECTOR('',#1653,10.);
#237=VECTOR('',#1654,10.);
#238=VECTOR('',#1667,10.);
#239=VECTOR('',#1678,10.);
#240=VECTOR('',#1691,10.);
#241=VECTOR('',#1692,10.);
#242=VECTOR('',#1703,10.);
#243=VECTOR('',#1708,10.);
#244=VECTOR('',#1711,10.);
#245=VECTOR('',#1716,10.);
#246=VECTOR('',#1717,10.);
#247=VECTOR('',#1718,10.);
#248=VECTOR('',#1725,3.60000000000001);
#249=VECTOR('',#1734,1.6);
#250=VECTOR('',#1737,3.6);
#251=VECTOR('',#1742,1.6);
#252=VECTOR('',#1749,10.);
#253=VECTOR('',#1752,10.);
#254=CYLINDRICAL_SURFACE('',#1240,1.);
#255=CYLINDRICAL_SURFACE('',#1261,1.);
#256=CYLINDRICAL_SURFACE('',#1273,1.);
#257=CYLINDRICAL_SURFACE('',#1280,1.);
#258=CYLINDRICAL_SURFACE('',#1282,1.);
#259=CYLINDRICAL_SURFACE('',#1290,1.);
#260=CYLINDRICAL_SURFACE('',#1292,1.);
#261=CYLINDRICAL_SURFACE('',#1293,1.);
#262=CYLINDRICAL_SURFACE('',#1295,1.);
#263=CYLINDRICAL_SURFACE('',#1301,1.);
#264=CYLINDRICAL_SURFACE('',#1303,1.);
#265=CYLINDRICAL_SURFACE('',#1304,1.);
#266=CYLINDRICAL_SURFACE('',#1306,3.00000000000001);
#267=CYLINDRICAL_SURFACE('',#1310,3.);
#268=CYLINDRICAL_SURFACE('',#1328,2.00000000000001);
#269=CYLINDRICAL_SURFACE('',#1331,1.99999999999999);
#270=CYLINDRICAL_SURFACE('',#1338,0.8);
#271=CYLINDRICAL_SURFACE('',#1343,0.8);
#272=CYLINDRICAL_SURFACE('',#1349,0.8);
#273=CYLINDRICAL_SURFACE('',#1355,0.8);
#274=CYLINDRICAL_SURFACE('',#1357,2.00000000000001);
#275=CYLINDRICAL_SURFACE('',#1359,1.99999999999999);
#276=CYLINDRICAL_SURFACE('',#1363,3.60000000000001);
#277=CYLINDRICAL_SURFACE('',#1367,1.6);
#278=CYLINDRICAL_SURFACE('',#1368,3.6);
#279=CYLINDRICAL_SURFACE('',#1370,1.6);
#280=FACE_OUTER_BOUND('',#351,.T.);
#281=FACE_OUTER_BOUND('',#352,.T.);
#282=FACE_OUTER_BOUND('',#353,.T.);
#283=FACE_OUTER_BOUND('',#354,.T.);
#284=FACE_OUTER_BOUND('',#355,.T.);
#285=FACE_OUTER_BOUND('',#356,.T.);
#286=FACE_OUTER_BOUND('',#357,.T.);
#287=FACE_OUTER_BOUND('',#358,.T.);
#288=FACE_OUTER_BOUND('',#359,.T.);
#289=FACE_OUTER_BOUND('',#360,.T.);
#290=FACE_OUTER_BOUND('',#361,.T.);
#291=FACE_OUTER_BOUND('',#362,.T.);
#292=FACE_OUTER_BOUND('',#363,.T.);
#293=FACE_OUTER_BOUND('',#364,.T.);
#294=FACE_OUTER_BOUND('',#365,.T.);
#295=FACE_OUTER_BOUND('',#366,.T.);
#296=FACE_OUTER_BOUND('',#369,.T.);
#297=FACE_OUTER_BOUND('',#370,.T.);
#298=FACE_OUTER_BOUND('',#371,.T.);
#299=FACE_OUTER_BOUND('',#372,.T.);
#300=FACE_OUTER_BOUND('',#373,.T.);
#301=FACE_OUTER_BOUND('',#374,.T.);
#302=FACE_OUTER_BOUND('',#375,.T.);
#303=FACE_OUTER_BOUND('',#376,.T.);
#304=FACE_OUTER_BOUND('',#377,.T.);
#305=FACE_OUTER_BOUND('',#378,.T.);
#306=FACE_OUTER_BOUND('',#379,.T.);
#307=FACE_OUTER_BOUND('',#380,.T.);
#308=FACE_OUTER_BOUND('',#382,.T.);
#309=FACE_OUTER_BOUND('',#383,.T.);
#310=FACE_OUTER_BOUND('',#384,.T.);
#311=FACE_OUTER_BOUND('',#385,.T.);
#312=FACE_OUTER_BOUND('',#386,.T.);
#313=FACE_OUTER_BOUND('',#387,.T.);
#314=FACE_OUTER_BOUND('',#388,.T.);
#315=FACE_OUTER_BOUND('',#390,.T.);
#316=FACE_OUTER_BOUND('',#391,.T.);
#317=FACE_OUTER_BOUND('',#393,.T.);
#318=FACE_OUTER_BOUND('',#394,.T.);
#319=FACE_OUTER_BOUND('',#395,.T.);
#320=FACE_OUTER_BOUND('',#396,.T.);
#321=FACE_OUTER_BOUND('',#397,.T.);
#322=FACE_OUTER_BOUND('',#398,.T.);
#323=FACE_OUTER_BOUND('',#399,.T.);
#324=FACE_OUTER_BOUND('',#400,.T.);
#325=FACE_OUTER_BOUND('',#402,.T.);
#326=FACE_OUTER_BOUND('',#403,.T.);
#327=FACE_OUTER_BOUND('',#404,.T.);
#328=FACE_OUTER_BOUND('',#405,.T.);
#329=FACE_OUTER_BOUND('',#406,.T.);
#330=FACE_OUTER_BOUND('',#407,.T.);
#331=FACE_OUTER_BOUND('',#408,.T.);
#332=FACE_OUTER_BOUND('',#409,.T.);
#333=FACE_OUTER_BOUND('',#410,.T.);
#334=FACE_OUTER_BOUND('',#411,.T.);
#335=FACE_OUTER_BOUND('',#412,.T.);
#336=FACE_OUTER_BOUND('',#413,.T.);
#337=FACE_OUTER_BOUND('',#414,.T.);
#338=FACE_OUTER_BOUND('',#416,.T.);
#339=FACE_OUTER_BOUND('',#417,.T.);
#340=FACE_OUTER_BOUND('',#418,.T.);
#341=FACE_OUTER_BOUND('',#419,.T.);
#342=FACE_OUTER_BOUND('',#422,.T.);
#343=FACE_OUTER_BOUND('',#423,.T.);
#344=FACE_OUTER_BOUND('',#425,.T.);
#345=FACE_OUTER_BOUND('',#426,.T.);
#346=FACE_OUTER_BOUND('',#427,.T.);
#347=FACE_OUTER_BOUND('',#428,.T.);
#348=FACE_OUTER_BOUND('',#430,.T.);
#349=FACE_OUTER_BOUND('',#431,.T.);
#350=FACE_OUTER_BOUND('',#432,.T.);
#351=EDGE_LOOP('',(#792,#793,#794,#795,#796,#797,#798,#799));
#352=EDGE_LOOP('',(#800,#801,#802,#803,#804,#805,#806,#807,#808,#809));
#353=EDGE_LOOP('',(#810,#811,#812,#813,#814));
#354=EDGE_LOOP('',(#815,#816,#817,#818,#819,#820,#821,#822));
#355=EDGE_LOOP('',(#823,#824,#825,#826,#827));
#356=EDGE_LOOP('',(#828,#829,#830,#831,#832,#833,#834,#835));
#357=EDGE_LOOP('',(#836,#837,#838,#839,#840));
#358=EDGE_LOOP('',(#841));
#359=EDGE_LOOP('',(#842));
#360=EDGE_LOOP('',(#843));
#361=EDGE_LOOP('',(#844,#845,#846,#847));
#362=EDGE_LOOP('',(#848,#849,#850,#851,#852));
#363=EDGE_LOOP('',(#853,#854,#855,#856,#857));
#364=EDGE_LOOP('',(#858,#859,#860));
#365=EDGE_LOOP('',(#861,#862,#863,#864,#865));
#366=EDGE_LOOP('',(#866,#867,#868,#869,#870,#871,#872,#873));
#367=EDGE_LOOP('',(#874));
#368=EDGE_LOOP('',(#875));
#369=EDGE_LOOP('',(#876,#877,#878,#879));
#370=EDGE_LOOP('',(#880,#881,#882,#883));
#371=EDGE_LOOP('',(#884,#885,#886,#887,#888,#889,#890,#891));
#372=EDGE_LOOP('',(#892,#893,#894,#895));
#373=EDGE_LOOP('',(#896,#897,#898,#899,#900,#901,#902,#903));
#374=EDGE_LOOP('',(#904,#905,#906));
#375=EDGE_LOOP('',(#907,#908,#909,#910,#911));
#376=EDGE_LOOP('',(#912,#913,#914,#915));
#377=EDGE_LOOP('',(#916,#917,#918,#919,#920,#921,#922,#923,#924,#925));
#378=EDGE_LOOP('',(#926,#927,#928,#929));
#379=EDGE_LOOP('',(#930,#931,#932,#933));
#380=EDGE_LOOP('',(#934,#935,#936,#937,#938,#939,#940,#941));
#381=EDGE_LOOP('',(#942,#943,#944,#945));
#382=EDGE_LOOP('',(#946,#947,#948,#949));
#383=EDGE_LOOP('',(#950,#951,#952,#953));
#384=EDGE_LOOP('',(#954,#955,#956,#957));
#385=EDGE_LOOP('',(#958,#959,#960,#961));
#386=EDGE_LOOP('',(#962,#963,#964,#965));
#387=EDGE_LOOP('',(#966,#967,#968,#969));
#388=EDGE_LOOP('',(#970));
#389=EDGE_LOOP('',(#971));
#390=EDGE_LOOP('',(#972,#973,#974,#975));
#391=EDGE_LOOP('',(#976));
#392=EDGE_LOOP('',(#977));
#393=EDGE_LOOP('',(#978,#979,#980,#981));
#394=EDGE_LOOP('',(#982,#983,#984,#985));
#395=EDGE_LOOP('',(#986,#987,#988,#989));
#396=EDGE_LOOP('',(#990,#991,#992,#993));
#397=EDGE_LOOP('',(#994,#995,#996,#997));
#398=EDGE_LOOP('',(#998,#999,#1000,#1001,#1002,#1003,#1004,#1005));
#399=EDGE_LOOP('',(#1006,#1007,#1008,#1009));
#400=EDGE_LOOP('',(#1010,#1011,#1012,#1013));
#401=EDGE_LOOP('',(#1014,#1015,#1016,#1017,#1018,#1019,#1020,#1021,#1022,
#1023,#1024,#1025));
#402=EDGE_LOOP('',(#1026,#1027,#1028,#1029));
#403=EDGE_LOOP('',(#1030,#1031,#1032,#1033));
#404=EDGE_LOOP('',(#1034,#1035,#1036,#1037));
#405=EDGE_LOOP('',(#1038,#1039,#1040,#1041));
#406=EDGE_LOOP('',(#1042,#1043,#1044,#1045));
#407=EDGE_LOOP('',(#1046,#1047,#1048,#1049));
#408=EDGE_LOOP('',(#1050,#1051,#1052,#1053));
#409=EDGE_LOOP('',(#1054,#1055,#1056,#1057));
#410=EDGE_LOOP('',(#1058,#1059,#1060,#1061));
#411=EDGE_LOOP('',(#1062,#1063,#1064,#1065));
#412=EDGE_LOOP('',(#1066,#1067,#1068,#1069));
#413=EDGE_LOOP('',(#1070,#1071,#1072,#1073));
#414=EDGE_LOOP('',(#1074,#1075,#1076,#1077));
#415=EDGE_LOOP('',(#1078,#1079,#1080,#1081,#1082,#1083,#1084,#1085));
#416=EDGE_LOOP('',(#1086,#1087,#1088,#1089,#1090,#1091));
#417=EDGE_LOOP('',(#1092,#1093,#1094,#1095));
#418=EDGE_LOOP('',(#1096,#1097,#1098,#1099,#1100,#1101));
#419=EDGE_LOOP('',(#1102,#1103,#1104,#1105));
#420=EDGE_LOOP('',(#1106));
#421=EDGE_LOOP('',(#1107));
#422=EDGE_LOOP('',(#1108,#1109,#1110,#1111));
#423=EDGE_LOOP('',(#1112));
#424=EDGE_LOOP('',(#1113));
#425=EDGE_LOOP('',(#1114,#1115,#1116,#1117));
#426=EDGE_LOOP('',(#1118,#1119,#1120,#1121));
#427=EDGE_LOOP('',(#1122,#1123,#1124,#1125));
#428=EDGE_LOOP('',(#1126));
#429=EDGE_LOOP('',(#1127));
#430=EDGE_LOOP('',(#1128,#1129,#1130,#1131));
#431=EDGE_LOOP('',(#1132,#1133,#1134,#1135));
#432=EDGE_LOOP('',(#1136,#1137,#1138,#1139));
#433=B_SPLINE_CURVE_WITH_KNOTS('',3,(#1764,#1765,#1766,#1767,#1768,#1769,
#1770,#1771,#1772,#1773,#1774,#1775,#1776,#1777,#1778,#1779,#1780,#1781),
 .UNSPECIFIED.,.F.,.F.,(4,2,2,2,2,2,2,2,4),(-0.00111096925154623,0.,0.0731250790775165,
0.111755060908357,0.139190276941478,0.166625492974599,0.205255474805439,
0.278380553969491,0.279491523211021),.UNSPECIFIED.);
#434=B_SPLINE_CURVE_WITH_KNOTS('',3,(#1785,#1786,#1787,#1788,#1789,#1790,
#1791,#1792,#1793,#1794,#1795,#1796,#1797,#1798,#1799,#1800,#1801,#1802),
 .UNSPECIFIED.,.F.,.F.,(4,2,2,2,2,2,2,2,4),(-0.00111094922171418,0.,0.0731161867881708,
0.111751406307357,0.139190508372025,0.166629610436693,0.205264829955879,
0.278381016581535,0.279491965822273),.UNSPECIFIED.);
#435=B_SPLINE_CURVE_WITH_KNOTS('',3,(#1816,#1817,#1818,#1819,#1820,#1821,
#1822,#1823,#1824,#1825,#1826,#1827,#1828,#1829,#1830,#1831,#1832,#1833),
 .UNSPECIFIED.,.F.,.F.,(4,2,2,2,2,2,2,2,4),(-0.00111096922693103,0.,0.0731250265833318,
0.111755042244598,0.139190283329971,0.166625524415343,0.20525554007661,
0.278380567120052,0.279491536288465),.UNSPECIFIED.);
#436=B_SPLINE_CURVE_WITH_KNOTS('',3,(#1837,#1838,#1839,#1840,#1841,#1842,
#1843,#1844,#1845,#1846,#1847,#1848,#1849,#1850,#1851,#1852,#1853,#1854),
 .UNSPECIFIED.,.F.,.F.,(4,2,2,2,2,2,2,2,4),(-0.00111177425428531,0.,0.0734847515244325,
0.111902688766016,0.139180651859864,0.166458614953712,0.204876552195295,
0.278361303719726,0.27947307797463),.UNSPECIFIED.);
#437=B_SPLINE_CURVE_WITH_KNOTS('',3,(#1869,#1870,#1871,#1872,#1873,#1874,
#1875,#1876,#1877,#1878,#1879,#1880,#1881,#1882,#1883,#1884,#1885,#1886),
 .UNSPECIFIED.,.F.,.F.,(4,2,2,2,2,2,2,2,4),(-0.00111175936725563,0.,0.0734781435044973,
0.111899973731502,0.139180822736481,0.166461671741447,0.204883501968376,
0.27836164548241,0.279473404852941),.UNSPECIFIED.);
#438=B_SPLINE_CURVE_WITH_KNOTS('',3,(#1899,#1900,#1901,#1902,#1903,#1904,
#1905,#1906,#1907,#1908,#1909,#1910,#1911,#1912,#1913,#1914,#1915,#1916),
 .UNSPECIFIED.,.F.,.F.,(4,2,2,2,2,2,2,2,4),(-0.001110949101478,0.,0.0731160811269536,
0.111751366710569,0.139190517728815,0.166629668747054,0.205264954330643,
0.278381035607889,0.279491984691167),.UNSPECIFIED.);
#439=B_SPLINE_CURVE_WITH_KNOTS('',3,(#1935,#1936,#1937,#1938,#1939,#1940),
 .UNSPECIFIED.,.F.,.F.,(4,2,4),(-0.000816076113725395,0.,0.000968518567584434),
 .UNSPECIFIED.);
#440=B_SPLINE_CURVE_WITH_KNOTS('',3,(#1944,#1945,#1946,#1947,#1948,#1949,
#1950,#1951,#1952,#1953,#1954,#1955,#1956,#1957,#1958,#1959,#1960,#1961,
#1962,#1963,#1964,#1965,#1966,#1967,#1968,#1969,#1970,#1971,#1972),
 .UNSPECIFIED.,.F.,.F.,(4,2,2,2,2,2,2,2,2,2,2,2,3,4),(1.19955084960103,
1.22030348516121,1.24105612072138,1.26547262415164,1.2898891275819,1.33933286126625,
1.36481482484946,1.37422299427264,1.38369908495845,1.38854634193084,1.39009501713899,
1.39074504719176,1.39172788370901,1.39228232391063),.UNSPECIFIED.);
#441=B_SPLINE_CURVE_WITH_KNOTS('',3,(#1976,#1977,#1978,#1979,#1980,#1981),
 .UNSPECIFIED.,.F.,.F.,(4,2,4),(0.335948553677426,0.336917072244703,0.337733148358261),
 .UNSPECIFIED.);
#442=B_SPLINE_CURVE_WITH_KNOTS('',3,(#1983,#1984,#1985,#1986,#1987,#1988,
#1989,#1990,#1991,#1992,#1993,#1994,#1995,#1996,#1997,#1998,#1999,#2000,
#2001,#2002,#2003,#2004,#2005,#2006,#2007,#2008,#2009,#2010,#2011),
 .UNSPECIFIED.,.F.,.F.,(4,3,2,2,2,2,2,2,2,2,2,2,2,4),(1.39117007854322,
1.39172451874484,1.39270735526209,1.39335738531486,1.39490606052301,1.3997533174954,
1.4092294081812,1.41863757760439,1.4441195411876,1.49356327487195,1.51797977830221,
1.54239628173247,1.56314891729264,1.58390155285281),.UNSPECIFIED.);
#443=CIRCLE('',#1235,1.1);
#444=CIRCLE('',#1236,1.);
#445=CIRCLE('',#1237,1.96602540378445);
#446=CIRCLE('',#1238,1.96602540378445);
#447=CIRCLE('',#1239,1.96602540378445);
#448=CIRCLE('',#1245,1.1);
#449=CIRCLE('',#1246,1.);
#450=CIRCLE('',#1247,1.96602540378445);
#451=CIRCLE('',#1248,1.96602540378445);
#452=CIRCLE('',#1249,1.96602540378445);
#453=CIRCLE('',#1252,1.1);
#454=CIRCLE('',#1253,1.);
#455=CIRCLE('',#1254,1.96602540378444);
#456=CIRCLE('',#1255,1.96602540378444);
#457=CIRCLE('',#1256,1.96602540378444);
#458=CIRCLE('',#1262,1.);
#459=CIRCLE('',#1263,0.999999999999991);
#460=CIRCLE('',#1265,0.999935539732943);
#461=CIRCLE('',#1266,1.99987107946589);
#462=CIRCLE('',#1268,1.99987107946589);
#463=CIRCLE('',#1269,0.999935539732943);
#464=CIRCLE('',#1271,1.00000000000001);
#465=CIRCLE('',#1272,0.999999999999996);
#466=CIRCLE('',#1276,1.);
#467=CIRCLE('',#1277,1.);
#468=CIRCLE('',#1278,3.);
#469=CIRCLE('',#1279,3.00000000000001);
#470=CIRCLE('',#1288,1.);
#471=CIRCLE('',#1289,1.);
#472=CIRCLE('',#1296,1.);
#473=CIRCLE('',#1298,1.);
#474=CIRCLE('',#1299,1.);
#475=CIRCLE('',#1300,1.);
#476=CIRCLE('',#1307,3.00000000000001);
#477=CIRCLE('',#1309,1.6);
#478=CIRCLE('',#1311,3.);
#479=CIRCLE('',#1313,1.6);
#480=CIRCLE('',#1320,2.00000000000001);
#481=CIRCLE('',#1321,1.99999999999999);
#482=CIRCLE('',#1324,1.99999999999999);
#483=CIRCLE('',#1325,1.99999999999999);
#484=CIRCLE('',#1326,2.00000000000001);
#485=CIRCLE('',#1327,2.00000000000001);
#486=CIRCLE('',#1329,2.00000000000001);
#487=CIRCLE('',#1332,1.99999999999999);
#488=CIRCLE('',#1335,0.80000000000001);
#489=CIRCLE('',#1336,0.800000000000001);
#490=CIRCLE('',#1337,2.80000000000001);
#491=CIRCLE('',#1339,0.799999999999996);
#492=CIRCLE('',#1341,0.800000000000001);
#493=CIRCLE('',#1342,2.79999999999999);
#494=CIRCLE('',#1344,0.800000000000001);
#495=CIRCLE('',#1346,0.800000000000001);
#496=CIRCLE('',#1347,2.79999999999999);
#497=CIRCLE('',#1348,1.99999999999999);
#498=CIRCLE('',#1350,0.800000000000001);
#499=CIRCLE('',#1352,0.800000000000001);
#500=CIRCLE('',#1353,2.80000000000001);
#501=CIRCLE('',#1354,2.00000000000001);
#502=CIRCLE('',#1361,3.60000000000001);
#503=CIRCLE('',#1362,3.6);
#504=CIRCLE('',#1364,3.60000000000001);
#505=CIRCLE('',#1366,1.6);
#506=CIRCLE('',#1369,3.6);
#507=CIRCLE('',#1371,1.6);
#508=VERTEX_POINT('',#1757);
#509=VERTEX_POINT('',#1759);
#510=VERTEX_POINT('',#1761);
#511=VERTEX_POINT('',#1763);
#512=VERTEX_POINT('',#1782);
#513=VERTEX_POINT('',#1784);
#514=VERTEX_POINT('',#1805);
#515=VERTEX_POINT('',#1807);
#516=VERTEX_POINT('',#1809);
#517=VERTEX_POINT('',#1811);
#518=VERTEX_POINT('',#1813);
#519=VERTEX_POINT('',#1815);
#520=VERTEX_POINT('',#1834);
#521=VERTEX_POINT('',#1836);
#522=VERTEX_POINT('',#1857);
#523=VERTEX_POINT('',#1861);
#524=VERTEX_POINT('',#1863);
#525=VERTEX_POINT('',#1866);
#526=VERTEX_POINT('',#1868);
#527=VERTEX_POINT('',#1891);
#528=VERTEX_POINT('',#1893);
#529=VERTEX_POINT('',#1896);
#530=VERTEX_POINT('',#1898);
#531=VERTEX_POINT('',#1924);
#532=VERTEX_POINT('',#1925);
#533=VERTEX_POINT('',#1927);
#534=VERTEX_POINT('',#1929);
#535=VERTEX_POINT('',#1933);
#536=VERTEX_POINT('',#1934);
#537=VERTEX_POINT('',#1942);
#538=VERTEX_POINT('',#1974);
#539=VERTEX_POINT('',#1975);
#540=VERTEX_POINT('',#1982);
#541=VERTEX_POINT('',#2015);
#542=VERTEX_POINT('',#2020);
#543=VERTEX_POINT('',#2024);
#544=VERTEX_POINT('',#2026);
#545=VERTEX_POINT('',#2028);
#546=VERTEX_POINT('',#2030);
#547=VERTEX_POINT('',#2033);
#548=VERTEX_POINT('',#2035);
#549=VERTEX_POINT('',#2038);
#550=VERTEX_POINT('',#2040);
#551=VERTEX_POINT('',#2044);
#552=VERTEX_POINT('',#2046);
#553=VERTEX_POINT('',#2050);
#554=VERTEX_POINT('',#2052);
#555=VERTEX_POINT('',#2056);
#556=VERTEX_POINT('',#2060);
#557=VERTEX_POINT('',#2062);
#558=VERTEX_POINT('',#2067);
#559=VERTEX_POINT('',#2071);
#560=VERTEX_POINT('',#2080);
#561=VERTEX_POINT('',#2084);
#562=VERTEX_POINT('',#2087);
#563=VERTEX_POINT('',#2089);
#564=VERTEX_POINT('',#2092);
#565=VERTEX_POINT('',#2093);
#566=VERTEX_POINT('',#2095);
#567=VERTEX_POINT('',#2097);
#568=VERTEX_POINT('',#2110);
#569=VERTEX_POINT('',#2114);
#570=VERTEX_POINT('',#2117);
#571=VERTEX_POINT('',#2121);
#572=VERTEX_POINT('',#2124);
#573=VERTEX_POINT('',#2125);
#574=VERTEX_POINT('',#2127);
#575=VERTEX_POINT('',#2129);
#576=VERTEX_POINT('',#2133);
#577=VERTEX_POINT('',#2135);
#578=VERTEX_POINT('',#2139);
#579=VERTEX_POINT('',#2141);
#580=VERTEX_POINT('',#2145);
#581=VERTEX_POINT('',#2147);
#582=VERTEX_POINT('',#2151);
#583=VERTEX_POINT('',#2153);
#584=VERTEX_POINT('',#2157);
#585=VERTEX_POINT('',#2159);
#586=VERTEX_POINT('',#2163);
#587=VERTEX_POINT('',#2164);
#588=VERTEX_POINT('',#2166);
#589=VERTEX_POINT('',#2168);
#590=VERTEX_POINT('',#2172);
#591=VERTEX_POINT('',#2173);
#592=VERTEX_POINT('',#2177);
#593=VERTEX_POINT('',#2179);
#594=VERTEX_POINT('',#2181);
#595=VERTEX_POINT('',#2183);
#596=VERTEX_POINT('',#2188);
#597=VERTEX_POINT('',#2192);
#598=VERTEX_POINT('',#2196);
#599=VERTEX_POINT('',#2200);
#600=VERTEX_POINT('',#2204);
#601=VERTEX_POINT('',#2206);
#602=VERTEX_POINT('',#2210);
#603=VERTEX_POINT('',#2214);
#604=VERTEX_POINT('',#2218);
#605=VERTEX_POINT('',#2222);
#606=VERTEX_POINT('',#2223);
#607=VERTEX_POINT('',#2228);
#608=VERTEX_POINT('',#2229);
#609=VERTEX_POINT('',#2234);
#610=VERTEX_POINT('',#2247);
#611=VERTEX_POINT('',#2249);
#612=VERTEX_POINT('',#2252);
#613=VERTEX_POINT('',#2254);
#614=VERTEX_POINT('',#2257);
#615=VERTEX_POINT('',#2261);
#616=VERTEX_POINT('',#2266);
#617=VERTEX_POINT('',#2270);
#618=EDGE_CURVE('',#508,#508,#443,.T.);
#619=EDGE_CURVE('',#508,#509,#444,.T.);
#620=EDGE_CURVE('',#509,#510,#445,.T.);
#621=EDGE_CURVE('',#510,#511,#433,.T.);
#622=EDGE_CURVE('',#511,#512,#446,.T.);
#623=EDGE_CURVE('',#512,#513,#434,.T.);
#624=EDGE_CURVE('',#513,#509,#447,.T.);
#625=EDGE_CURVE('',#510,#514,#68,.T.);
#626=EDGE_CURVE('',#514,#515,#62,.T.);
#627=EDGE_CURVE('',#515,#516,#69,.T.);
#628=EDGE_CURVE('',#516,#517,#63,.T.);
#629=EDGE_CURVE('',#517,#518,#70,.T.);
#630=EDGE_CURVE('',#519,#518,#435,.T.);
#631=EDGE_CURVE('',#519,#520,#71,.T.);
#632=EDGE_CURVE('',#521,#520,#436,.T.);
#633=EDGE_CURVE('',#521,#511,#72,.T.);
#634=EDGE_CURVE('',#522,#513,#73,.T.);
#635=EDGE_CURVE('',#514,#522,#74,.T.);
#636=EDGE_CURVE('',#523,#523,#448,.T.);
#637=EDGE_CURVE('',#523,#524,#449,.T.);
#638=EDGE_CURVE('',#524,#521,#450,.T.);
#639=EDGE_CURVE('',#520,#525,#451,.T.);
#640=EDGE_CURVE('',#525,#526,#437,.T.);
#641=EDGE_CURVE('',#526,#524,#452,.T.);
#642=EDGE_CURVE('',#512,#526,#75,.T.);
#643=EDGE_CURVE('',#527,#527,#453,.T.);
#644=EDGE_CURVE('',#527,#528,#454,.T.);
#645=EDGE_CURVE('',#528,#519,#455,.T.);
#646=EDGE_CURVE('',#518,#529,#456,.T.);
#647=EDGE_CURVE('',#529,#530,#438,.T.);
#648=EDGE_CURVE('',#530,#528,#457,.T.);
#649=EDGE_CURVE('',#525,#530,#76,.T.);
#650=EDGE_CURVE('',#531,#532,#458,.T.);
#651=EDGE_CURVE('',#532,#533,#77,.T.);
#652=EDGE_CURVE('',#533,#534,#459,.T.);
#653=EDGE_CURVE('',#534,#531,#78,.T.);
#654=EDGE_CURVE('',#535,#536,#439,.T.);
#655=EDGE_CURVE('',#535,#532,#460,.T.);
#656=EDGE_CURVE('',#531,#537,#461,.T.);
#657=EDGE_CURVE('',#537,#536,#440,.T.);
#658=EDGE_CURVE('',#538,#539,#441,.T.);
#659=EDGE_CURVE('',#540,#538,#442,.F.);
#660=EDGE_CURVE('',#540,#534,#462,.T.);
#661=EDGE_CURVE('',#533,#539,#463,.T.);
#662=EDGE_CURVE('',#541,#535,#464,.F.);
#663=EDGE_CURVE('',#532,#541,#465,.F.);
#664=EDGE_CURVE('',#536,#522,#79,.T.);
#665=EDGE_CURVE('',#542,#522,#64,.T.);
#666=EDGE_CURVE('',#542,#541,#80,.T.);
#667=EDGE_CURVE('',#543,#540,#81,.T.);
#668=EDGE_CURVE('',#544,#543,#466,.T.);
#669=EDGE_CURVE('',#545,#544,#82,.T.);
#670=EDGE_CURVE('',#546,#545,#467,.T.);
#671=EDGE_CURVE('',#537,#546,#83,.T.);
#672=EDGE_CURVE('',#547,#547,#468,.T.);
#673=EDGE_CURVE('',#548,#548,#469,.T.);
#674=EDGE_CURVE('',#514,#549,#84,.T.);
#675=EDGE_CURVE('',#549,#550,#65,.F.);
#676=EDGE_CURVE('',#550,#515,#85,.T.);
#677=EDGE_CURVE('',#516,#551,#86,.T.);
#678=EDGE_CURVE('',#551,#552,#66,.F.);
#679=EDGE_CURVE('',#552,#517,#87,.T.);
#680=EDGE_CURVE('',#549,#553,#88,.T.);
#681=EDGE_CURVE('',#554,#546,#89,.T.);
#682=EDGE_CURVE('',#553,#554,#90,.T.);
#683=EDGE_CURVE('',#517,#555,#91,.T.);
#684=EDGE_CURVE('',#529,#555,#92,.T.);
#685=EDGE_CURVE('',#556,#552,#93,.T.);
#686=EDGE_CURVE('',#557,#556,#94,.T.);
#687=EDGE_CURVE('',#543,#557,#95,.T.);
#688=EDGE_CURVE('',#555,#538,#96,.T.);
#689=EDGE_CURVE('',#558,#533,#470,.F.);
#690=EDGE_CURVE('',#539,#558,#471,.F.);
#691=EDGE_CURVE('',#558,#559,#97,.T.);
#692=EDGE_CURVE('',#559,#555,#67,.T.);
#693=EDGE_CURVE('',#541,#558,#98,.T.);
#694=EDGE_CURVE('',#559,#542,#99,.T.);
#695=EDGE_CURVE('',#560,#556,#472,.T.);
#696=EDGE_CURVE('',#551,#560,#100,.T.);
#697=EDGE_CURVE('',#560,#561,#101,.T.);
#698=EDGE_CURVE('',#553,#561,#473,.T.);
#699=EDGE_CURVE('',#562,#554,#474,.T.);
#700=EDGE_CURVE('',#562,#563,#102,.T.);
#701=EDGE_CURVE('',#557,#563,#475,.T.);
#702=EDGE_CURVE('',#564,#565,#103,.T.);
#703=EDGE_CURVE('',#565,#566,#104,.T.);
#704=EDGE_CURVE('',#566,#567,#105,.T.);
#705=EDGE_CURVE('',#567,#564,#106,.T.);
#706=EDGE_CURVE('',#563,#544,#107,.T.);
#707=EDGE_CURVE('',#545,#562,#108,.T.);
#708=EDGE_CURVE('',#561,#550,#109,.T.);
#709=EDGE_CURVE('',#551,#550,#110,.T.);
#710=EDGE_CURVE('',#548,#568,#111,.T.);
#711=EDGE_CURVE('',#568,#568,#476,.T.);
#712=EDGE_CURVE('',#569,#569,#477,.T.);
#713=EDGE_CURVE('',#547,#570,#112,.T.);
#714=EDGE_CURVE('',#570,#570,#478,.T.);
#715=EDGE_CURVE('',#571,#571,#479,.T.);
#716=EDGE_CURVE('',#572,#573,#113,.T.);
#717=EDGE_CURVE('',#572,#574,#114,.T.);
#718=EDGE_CURVE('',#574,#575,#115,.T.);
#719=EDGE_CURVE('',#573,#575,#116,.T.);
#720=EDGE_CURVE('',#576,#572,#117,.T.);
#721=EDGE_CURVE('',#576,#577,#118,.T.);
#722=EDGE_CURVE('',#577,#574,#119,.T.);
#723=EDGE_CURVE('',#578,#576,#120,.T.);
#724=EDGE_CURVE('',#578,#579,#121,.T.);
#725=EDGE_CURVE('',#579,#577,#122,.T.);
#726=EDGE_CURVE('',#580,#578,#123,.T.);
#727=EDGE_CURVE('',#580,#581,#124,.T.);
#728=EDGE_CURVE('',#581,#579,#125,.T.);
#729=EDGE_CURVE('',#582,#580,#126,.T.);
#730=EDGE_CURVE('',#583,#582,#127,.T.);
#731=EDGE_CURVE('',#583,#581,#128,.T.);
#732=EDGE_CURVE('',#584,#583,#480,.T.);
#733=EDGE_CURVE('',#585,#584,#129,.T.);
#734=EDGE_CURVE('',#575,#585,#481,.T.);
#735=EDGE_CURVE('',#586,#587,#130,.T.);
#736=EDGE_CURVE('',#588,#586,#131,.T.);
#737=EDGE_CURVE('',#588,#589,#132,.T.);
#738=EDGE_CURVE('',#587,#589,#133,.T.);
#739=EDGE_CURVE('',#590,#591,#134,.T.);
#740=EDGE_CURVE('',#590,#567,#135,.T.);
#741=EDGE_CURVE('',#591,#566,#136,.T.);
#742=EDGE_CURVE('',#573,#592,#482,.T.);
#743=EDGE_CURVE('',#592,#593,#137,.T.);
#744=EDGE_CURVE('',#593,#594,#483,.T.);
#745=EDGE_CURVE('',#594,#595,#138,.T.);
#746=EDGE_CURVE('',#595,#587,#484,.T.);
#747=EDGE_CURVE('',#589,#582,#485,.T.);
#748=EDGE_CURVE('',#596,#595,#139,.T.);
#749=EDGE_CURVE('',#586,#596,#486,.T.);
#750=EDGE_CURVE('',#597,#594,#140,.T.);
#751=EDGE_CURVE('',#596,#597,#141,.T.);
#752=EDGE_CURVE('',#598,#593,#142,.T.);
#753=EDGE_CURVE('',#597,#598,#487,.T.);
#754=EDGE_CURVE('',#599,#592,#143,.T.);
#755=EDGE_CURVE('',#598,#599,#144,.T.);
#756=EDGE_CURVE('',#600,#586,#488,.T.);
#757=EDGE_CURVE('',#596,#601,#489,.T.);
#758=EDGE_CURVE('',#601,#600,#490,.T.);
#759=EDGE_CURVE('',#597,#602,#491,.T.);
#760=EDGE_CURVE('',#602,#601,#145,.T.);
#761=EDGE_CURVE('',#598,#603,#492,.T.);
#762=EDGE_CURVE('',#603,#602,#493,.T.);
#763=EDGE_CURVE('',#599,#604,#494,.T.);
#764=EDGE_CURVE('',#604,#603,#146,.T.);
#765=EDGE_CURVE('',#605,#606,#495,.T.);
#766=EDGE_CURVE('',#606,#604,#496,.T.);
#767=EDGE_CURVE('',#599,#605,#497,.T.);
#768=EDGE_CURVE('',#607,#608,#498,.T.);
#769=EDGE_CURVE('',#608,#606,#147,.T.);
#770=EDGE_CURVE('',#605,#607,#148,.T.);
#771=EDGE_CURVE('',#588,#609,#499,.T.);
#772=EDGE_CURVE('',#609,#608,#500,.T.);
#773=EDGE_CURVE('',#607,#588,#501,.T.);
#774=EDGE_CURVE('',#600,#609,#149,.T.);
#775=EDGE_CURVE('',#607,#584,#150,.T.);
#776=EDGE_CURVE('',#605,#585,#151,.T.);
#777=EDGE_CURVE('',#610,#590,#152,.T.);
#778=EDGE_CURVE('',#591,#611,#153,.T.);
#779=EDGE_CURVE('',#611,#610,#154,.T.);
#780=EDGE_CURVE('',#612,#612,#502,.T.);
#781=EDGE_CURVE('',#613,#613,#503,.T.);
#782=EDGE_CURVE('',#612,#614,#155,.T.);
#783=EDGE_CURVE('',#614,#614,#504,.T.);
#784=EDGE_CURVE('',#615,#615,#505,.T.);
#785=EDGE_CURVE('',#615,#569,#156,.T.);
#786=EDGE_CURVE('',#613,#616,#157,.T.);
#787=EDGE_CURVE('',#616,#616,#506,.T.);
#788=EDGE_CURVE('',#571,#617,#158,.T.);
#789=EDGE_CURVE('',#617,#617,#507,.T.);
#790=EDGE_CURVE('',#610,#564,#159,.T.);
#791=EDGE_CURVE('',#611,#565,#160,.T.);
#792=ORIENTED_EDGE('',*,*,#618,.T.);
#793=ORIENTED_EDGE('',*,*,#619,.T.);
#794=ORIENTED_EDGE('',*,*,#620,.T.);
#795=ORIENTED_EDGE('',*,*,#621,.T.);
#796=ORIENTED_EDGE('',*,*,#622,.T.);
#797=ORIENTED_EDGE('',*,*,#623,.T.);
#798=ORIENTED_EDGE('',*,*,#624,.T.);
#799=ORIENTED_EDGE('',*,*,#619,.F.);
#800=ORIENTED_EDGE('',*,*,#621,.F.);
#801=ORIENTED_EDGE('',*,*,#625,.T.);
#802=ORIENTED_EDGE('',*,*,#626,.T.);
#803=ORIENTED_EDGE('',*,*,#627,.T.);
#804=ORIENTED_EDGE('',*,*,#628,.T.);
#805=ORIENTED_EDGE('',*,*,#629,.T.);
#806=ORIENTED_EDGE('',*,*,#630,.F.);
#807=ORIENTED_EDGE('',*,*,#631,.T.);
#808=ORIENTED_EDGE('',*,*,#632,.F.);
#809=ORIENTED_EDGE('',*,*,#633,.T.);
#810=ORIENTED_EDGE('',*,*,#624,.F.);
#811=ORIENTED_EDGE('',*,*,#634,.F.);
#812=ORIENTED_EDGE('',*,*,#635,.F.);
#813=ORIENTED_EDGE('',*,*,#625,.F.);
#814=ORIENTED_EDGE('',*,*,#620,.F.);
#815=ORIENTED_EDGE('',*,*,#636,.T.);
#816=ORIENTED_EDGE('',*,*,#637,.T.);
#817=ORIENTED_EDGE('',*,*,#638,.T.);
#818=ORIENTED_EDGE('',*,*,#632,.T.);
#819=ORIENTED_EDGE('',*,*,#639,.T.);
#820=ORIENTED_EDGE('',*,*,#640,.T.);
#821=ORIENTED_EDGE('',*,*,#641,.T.);
#822=ORIENTED_EDGE('',*,*,#637,.F.);
#823=ORIENTED_EDGE('',*,*,#622,.F.);
#824=ORIENTED_EDGE('',*,*,#633,.F.);
#825=ORIENTED_EDGE('',*,*,#638,.F.);
#826=ORIENTED_EDGE('',*,*,#641,.F.);
#827=ORIENTED_EDGE('',*,*,#642,.F.);
#828=ORIENTED_EDGE('',*,*,#643,.T.);
#829=ORIENTED_EDGE('',*,*,#644,.T.);
#830=ORIENTED_EDGE('',*,*,#645,.T.);
#831=ORIENTED_EDGE('',*,*,#630,.T.);
#832=ORIENTED_EDGE('',*,*,#646,.T.);
#833=ORIENTED_EDGE('',*,*,#647,.T.);
#834=ORIENTED_EDGE('',*,*,#648,.T.);
#835=ORIENTED_EDGE('',*,*,#644,.F.);
#836=ORIENTED_EDGE('',*,*,#639,.F.);
#837=ORIENTED_EDGE('',*,*,#631,.F.);
#838=ORIENTED_EDGE('',*,*,#645,.F.);
#839=ORIENTED_EDGE('',*,*,#648,.F.);
#840=ORIENTED_EDGE('',*,*,#649,.F.);
#841=ORIENTED_EDGE('',*,*,#643,.F.);
#842=ORIENTED_EDGE('',*,*,#636,.F.);
#843=ORIENTED_EDGE('',*,*,#618,.F.);
#844=ORIENTED_EDGE('',*,*,#650,.T.);
#845=ORIENTED_EDGE('',*,*,#651,.T.);
#846=ORIENTED_EDGE('',*,*,#652,.T.);
#847=ORIENTED_EDGE('',*,*,#653,.T.);
#848=ORIENTED_EDGE('',*,*,#654,.F.);
#849=ORIENTED_EDGE('',*,*,#655,.T.);
#850=ORIENTED_EDGE('',*,*,#650,.F.);
#851=ORIENTED_EDGE('',*,*,#656,.T.);
#852=ORIENTED_EDGE('',*,*,#657,.T.);
#853=ORIENTED_EDGE('',*,*,#658,.F.);
#854=ORIENTED_EDGE('',*,*,#659,.F.);
#855=ORIENTED_EDGE('',*,*,#660,.T.);
#856=ORIENTED_EDGE('',*,*,#652,.F.);
#857=ORIENTED_EDGE('',*,*,#661,.T.);
#858=ORIENTED_EDGE('',*,*,#655,.F.);
#859=ORIENTED_EDGE('',*,*,#662,.F.);
#860=ORIENTED_EDGE('',*,*,#663,.F.);
#861=ORIENTED_EDGE('',*,*,#654,.T.);
#862=ORIENTED_EDGE('',*,*,#664,.T.);
#863=ORIENTED_EDGE('',*,*,#665,.F.);
#864=ORIENTED_EDGE('',*,*,#666,.T.);
#865=ORIENTED_EDGE('',*,*,#662,.T.);
#866=ORIENTED_EDGE('',*,*,#656,.F.);
#867=ORIENTED_EDGE('',*,*,#653,.F.);
#868=ORIENTED_EDGE('',*,*,#660,.F.);
#869=ORIENTED_EDGE('',*,*,#667,.F.);
#870=ORIENTED_EDGE('',*,*,#668,.F.);
#871=ORIENTED_EDGE('',*,*,#669,.F.);
#872=ORIENTED_EDGE('',*,*,#670,.F.);
#873=ORIENTED_EDGE('',*,*,#671,.F.);
#874=ORIENTED_EDGE('',*,*,#672,.T.);
#875=ORIENTED_EDGE('',*,*,#673,.T.);
#876=ORIENTED_EDGE('',*,*,#674,.T.);
#877=ORIENTED_EDGE('',*,*,#675,.T.);
#878=ORIENTED_EDGE('',*,*,#676,.T.);
#879=ORIENTED_EDGE('',*,*,#626,.F.);
#880=ORIENTED_EDGE('',*,*,#677,.T.);
#881=ORIENTED_EDGE('',*,*,#678,.T.);
#882=ORIENTED_EDGE('',*,*,#679,.T.);
#883=ORIENTED_EDGE('',*,*,#628,.F.);
#884=ORIENTED_EDGE('',*,*,#680,.F.);
#885=ORIENTED_EDGE('',*,*,#674,.F.);
#886=ORIENTED_EDGE('',*,*,#635,.T.);
#887=ORIENTED_EDGE('',*,*,#664,.F.);
#888=ORIENTED_EDGE('',*,*,#657,.F.);
#889=ORIENTED_EDGE('',*,*,#671,.T.);
#890=ORIENTED_EDGE('',*,*,#681,.F.);
#891=ORIENTED_EDGE('',*,*,#682,.F.);
#892=ORIENTED_EDGE('',*,*,#646,.F.);
#893=ORIENTED_EDGE('',*,*,#629,.F.);
#894=ORIENTED_EDGE('',*,*,#683,.T.);
#895=ORIENTED_EDGE('',*,*,#684,.F.);
#896=ORIENTED_EDGE('',*,*,#679,.F.);
#897=ORIENTED_EDGE('',*,*,#685,.F.);
#898=ORIENTED_EDGE('',*,*,#686,.F.);
#899=ORIENTED_EDGE('',*,*,#687,.F.);
#900=ORIENTED_EDGE('',*,*,#667,.T.);
#901=ORIENTED_EDGE('',*,*,#659,.T.);
#902=ORIENTED_EDGE('',*,*,#688,.F.);
#903=ORIENTED_EDGE('',*,*,#683,.F.);
#904=ORIENTED_EDGE('',*,*,#661,.F.);
#905=ORIENTED_EDGE('',*,*,#689,.F.);
#906=ORIENTED_EDGE('',*,*,#690,.F.);
#907=ORIENTED_EDGE('',*,*,#658,.T.);
#908=ORIENTED_EDGE('',*,*,#690,.T.);
#909=ORIENTED_EDGE('',*,*,#691,.T.);
#910=ORIENTED_EDGE('',*,*,#692,.T.);
#911=ORIENTED_EDGE('',*,*,#688,.T.);
#912=ORIENTED_EDGE('',*,*,#651,.F.);
#913=ORIENTED_EDGE('',*,*,#663,.T.);
#914=ORIENTED_EDGE('',*,*,#693,.T.);
#915=ORIENTED_EDGE('',*,*,#689,.T.);
#916=ORIENTED_EDGE('',*,*,#623,.F.);
#917=ORIENTED_EDGE('',*,*,#642,.T.);
#918=ORIENTED_EDGE('',*,*,#640,.F.);
#919=ORIENTED_EDGE('',*,*,#649,.T.);
#920=ORIENTED_EDGE('',*,*,#647,.F.);
#921=ORIENTED_EDGE('',*,*,#684,.T.);
#922=ORIENTED_EDGE('',*,*,#692,.F.);
#923=ORIENTED_EDGE('',*,*,#694,.T.);
#924=ORIENTED_EDGE('',*,*,#665,.T.);
#925=ORIENTED_EDGE('',*,*,#634,.T.);
#926=ORIENTED_EDGE('',*,*,#691,.F.);
#927=ORIENTED_EDGE('',*,*,#693,.F.);
#928=ORIENTED_EDGE('',*,*,#666,.F.);
#929=ORIENTED_EDGE('',*,*,#694,.F.);
#930=ORIENTED_EDGE('',*,*,#695,.T.);
#931=ORIENTED_EDGE('',*,*,#685,.T.);
#932=ORIENTED_EDGE('',*,*,#678,.F.);
#933=ORIENTED_EDGE('',*,*,#696,.T.);
#934=ORIENTED_EDGE('',*,*,#695,.F.);
#935=ORIENTED_EDGE('',*,*,#697,.T.);
#936=ORIENTED_EDGE('',*,*,#698,.F.);
#937=ORIENTED_EDGE('',*,*,#682,.T.);
#938=ORIENTED_EDGE('',*,*,#699,.F.);
#939=ORIENTED_EDGE('',*,*,#700,.T.);
#940=ORIENTED_EDGE('',*,*,#701,.F.);
#941=ORIENTED_EDGE('',*,*,#686,.T.);
#942=ORIENTED_EDGE('',*,*,#702,.T.);
#943=ORIENTED_EDGE('',*,*,#703,.T.);
#944=ORIENTED_EDGE('',*,*,#704,.T.);
#945=ORIENTED_EDGE('',*,*,#705,.T.);
#946=ORIENTED_EDGE('',*,*,#701,.T.);
#947=ORIENTED_EDGE('',*,*,#706,.T.);
#948=ORIENTED_EDGE('',*,*,#668,.T.);
#949=ORIENTED_EDGE('',*,*,#687,.T.);
#950=ORIENTED_EDGE('',*,*,#706,.F.);
#951=ORIENTED_EDGE('',*,*,#700,.F.);
#952=ORIENTED_EDGE('',*,*,#707,.F.);
#953=ORIENTED_EDGE('',*,*,#669,.T.);
#954=ORIENTED_EDGE('',*,*,#699,.T.);
#955=ORIENTED_EDGE('',*,*,#681,.T.);
#956=ORIENTED_EDGE('',*,*,#670,.T.);
#957=ORIENTED_EDGE('',*,*,#707,.T.);
#958=ORIENTED_EDGE('',*,*,#698,.T.);
#959=ORIENTED_EDGE('',*,*,#708,.T.);
#960=ORIENTED_EDGE('',*,*,#675,.F.);
#961=ORIENTED_EDGE('',*,*,#680,.T.);
#962=ORIENTED_EDGE('',*,*,#676,.F.);
#963=ORIENTED_EDGE('',*,*,#709,.F.);
#964=ORIENTED_EDGE('',*,*,#677,.F.);
#965=ORIENTED_EDGE('',*,*,#627,.F.);
#966=ORIENTED_EDGE('',*,*,#673,.F.);
#967=ORIENTED_EDGE('',*,*,#710,.T.);
#968=ORIENTED_EDGE('',*,*,#711,.T.);
#969=ORIENTED_EDGE('',*,*,#710,.F.);
#970=ORIENTED_EDGE('',*,*,#711,.F.);
#971=ORIENTED_EDGE('',*,*,#712,.F.);
#972=ORIENTED_EDGE('',*,*,#672,.F.);
#973=ORIENTED_EDGE('',*,*,#713,.T.);
#974=ORIENTED_EDGE('',*,*,#714,.T.);
#975=ORIENTED_EDGE('',*,*,#713,.F.);
#976=ORIENTED_EDGE('',*,*,#714,.F.);
#977=ORIENTED_EDGE('',*,*,#715,.F.);
#978=ORIENTED_EDGE('',*,*,#716,.F.);
#979=ORIENTED_EDGE('',*,*,#717,.T.);
#980=ORIENTED_EDGE('',*,*,#718,.T.);
#981=ORIENTED_EDGE('',*,*,#719,.F.);
#982=ORIENTED_EDGE('',*,*,#720,.F.);
#983=ORIENTED_EDGE('',*,*,#721,.T.);
#984=ORIENTED_EDGE('',*,*,#722,.T.);
#985=ORIENTED_EDGE('',*,*,#717,.F.);
#986=ORIENTED_EDGE('',*,*,#723,.F.);
#987=ORIENTED_EDGE('',*,*,#724,.T.);
#988=ORIENTED_EDGE('',*,*,#725,.T.);
#989=ORIENTED_EDGE('',*,*,#721,.F.);
#990=ORIENTED_EDGE('',*,*,#726,.F.);
#991=ORIENTED_EDGE('',*,*,#727,.T.);
#992=ORIENTED_EDGE('',*,*,#728,.T.);
#993=ORIENTED_EDGE('',*,*,#724,.F.);
#994=ORIENTED_EDGE('',*,*,#729,.F.);
#995=ORIENTED_EDGE('',*,*,#730,.F.);
#996=ORIENTED_EDGE('',*,*,#731,.T.);
#997=ORIENTED_EDGE('',*,*,#727,.F.);
#998=ORIENTED_EDGE('',*,*,#732,.F.);
#999=ORIENTED_EDGE('',*,*,#733,.F.);
#1000=ORIENTED_EDGE('',*,*,#734,.F.);
#1001=ORIENTED_EDGE('',*,*,#718,.F.);
#1002=ORIENTED_EDGE('',*,*,#722,.F.);
#1003=ORIENTED_EDGE('',*,*,#725,.F.);
#1004=ORIENTED_EDGE('',*,*,#728,.F.);
#1005=ORIENTED_EDGE('',*,*,#731,.F.);
#1006=ORIENTED_EDGE('',*,*,#735,.F.);
#1007=ORIENTED_EDGE('',*,*,#736,.F.);
#1008=ORIENTED_EDGE('',*,*,#737,.T.);
#1009=ORIENTED_EDGE('',*,*,#738,.F.);
#1010=ORIENTED_EDGE('',*,*,#739,.F.);
#1011=ORIENTED_EDGE('',*,*,#740,.T.);
#1012=ORIENTED_EDGE('',*,*,#704,.F.);
#1013=ORIENTED_EDGE('',*,*,#741,.F.);
#1014=ORIENTED_EDGE('',*,*,#729,.T.);
#1015=ORIENTED_EDGE('',*,*,#726,.T.);
#1016=ORIENTED_EDGE('',*,*,#723,.T.);
#1017=ORIENTED_EDGE('',*,*,#720,.T.);
#1018=ORIENTED_EDGE('',*,*,#716,.T.);
#1019=ORIENTED_EDGE('',*,*,#742,.T.);
#1020=ORIENTED_EDGE('',*,*,#743,.T.);
#1021=ORIENTED_EDGE('',*,*,#744,.T.);
#1022=ORIENTED_EDGE('',*,*,#745,.T.);
#1023=ORIENTED_EDGE('',*,*,#746,.T.);
#1024=ORIENTED_EDGE('',*,*,#738,.T.);
#1025=ORIENTED_EDGE('',*,*,#747,.T.);
#1026=ORIENTED_EDGE('',*,*,#748,.F.);
#1027=ORIENTED_EDGE('',*,*,#749,.F.);
#1028=ORIENTED_EDGE('',*,*,#735,.T.);
#1029=ORIENTED_EDGE('',*,*,#746,.F.);
#1030=ORIENTED_EDGE('',*,*,#750,.F.);
#1031=ORIENTED_EDGE('',*,*,#751,.F.);
#1032=ORIENTED_EDGE('',*,*,#748,.T.);
#1033=ORIENTED_EDGE('',*,*,#745,.F.);
#1034=ORIENTED_EDGE('',*,*,#752,.F.);
#1035=ORIENTED_EDGE('',*,*,#753,.F.);
#1036=ORIENTED_EDGE('',*,*,#750,.T.);
#1037=ORIENTED_EDGE('',*,*,#744,.F.);
#1038=ORIENTED_EDGE('',*,*,#754,.F.);
#1039=ORIENTED_EDGE('',*,*,#755,.F.);
#1040=ORIENTED_EDGE('',*,*,#752,.T.);
#1041=ORIENTED_EDGE('',*,*,#743,.F.);
#1042=ORIENTED_EDGE('',*,*,#756,.T.);
#1043=ORIENTED_EDGE('',*,*,#749,.T.);
#1044=ORIENTED_EDGE('',*,*,#757,.T.);
#1045=ORIENTED_EDGE('',*,*,#758,.T.);
#1046=ORIENTED_EDGE('',*,*,#759,.T.);
#1047=ORIENTED_EDGE('',*,*,#760,.T.);
#1048=ORIENTED_EDGE('',*,*,#757,.F.);
#1049=ORIENTED_EDGE('',*,*,#751,.T.);
#1050=ORIENTED_EDGE('',*,*,#761,.T.);
#1051=ORIENTED_EDGE('',*,*,#762,.T.);
#1052=ORIENTED_EDGE('',*,*,#759,.F.);
#1053=ORIENTED_EDGE('',*,*,#753,.T.);
#1054=ORIENTED_EDGE('',*,*,#763,.T.);
#1055=ORIENTED_EDGE('',*,*,#764,.T.);
#1056=ORIENTED_EDGE('',*,*,#761,.F.);
#1057=ORIENTED_EDGE('',*,*,#755,.T.);
#1058=ORIENTED_EDGE('',*,*,#765,.T.);
#1059=ORIENTED_EDGE('',*,*,#766,.T.);
#1060=ORIENTED_EDGE('',*,*,#763,.F.);
#1061=ORIENTED_EDGE('',*,*,#767,.T.);
#1062=ORIENTED_EDGE('',*,*,#768,.T.);
#1063=ORIENTED_EDGE('',*,*,#769,.T.);
#1064=ORIENTED_EDGE('',*,*,#765,.F.);
#1065=ORIENTED_EDGE('',*,*,#770,.T.);
#1066=ORIENTED_EDGE('',*,*,#771,.T.);
#1067=ORIENTED_EDGE('',*,*,#772,.T.);
#1068=ORIENTED_EDGE('',*,*,#768,.F.);
#1069=ORIENTED_EDGE('',*,*,#773,.T.);
#1070=ORIENTED_EDGE('',*,*,#756,.F.);
#1071=ORIENTED_EDGE('',*,*,#774,.T.);
#1072=ORIENTED_EDGE('',*,*,#771,.F.);
#1073=ORIENTED_EDGE('',*,*,#736,.T.);
#1074=ORIENTED_EDGE('',*,*,#696,.F.);
#1075=ORIENTED_EDGE('',*,*,#709,.T.);
#1076=ORIENTED_EDGE('',*,*,#708,.F.);
#1077=ORIENTED_EDGE('',*,*,#697,.F.);
#1078=ORIENTED_EDGE('',*,*,#758,.F.);
#1079=ORIENTED_EDGE('',*,*,#760,.F.);
#1080=ORIENTED_EDGE('',*,*,#762,.F.);
#1081=ORIENTED_EDGE('',*,*,#764,.F.);
#1082=ORIENTED_EDGE('',*,*,#766,.F.);
#1083=ORIENTED_EDGE('',*,*,#769,.F.);
#1084=ORIENTED_EDGE('',*,*,#772,.F.);
#1085=ORIENTED_EDGE('',*,*,#774,.F.);
#1086=ORIENTED_EDGE('',*,*,#737,.F.);
#1087=ORIENTED_EDGE('',*,*,#773,.F.);
#1088=ORIENTED_EDGE('',*,*,#775,.T.);
#1089=ORIENTED_EDGE('',*,*,#732,.T.);
#1090=ORIENTED_EDGE('',*,*,#730,.T.);
#1091=ORIENTED_EDGE('',*,*,#747,.F.);
#1092=ORIENTED_EDGE('',*,*,#733,.T.);
#1093=ORIENTED_EDGE('',*,*,#775,.F.);
#1094=ORIENTED_EDGE('',*,*,#770,.F.);
#1095=ORIENTED_EDGE('',*,*,#776,.T.);
#1096=ORIENTED_EDGE('',*,*,#734,.T.);
#1097=ORIENTED_EDGE('',*,*,#776,.F.);
#1098=ORIENTED_EDGE('',*,*,#767,.F.);
#1099=ORIENTED_EDGE('',*,*,#754,.T.);
#1100=ORIENTED_EDGE('',*,*,#742,.F.);
#1101=ORIENTED_EDGE('',*,*,#719,.T.);
#1102=ORIENTED_EDGE('',*,*,#777,.T.);
#1103=ORIENTED_EDGE('',*,*,#739,.T.);
#1104=ORIENTED_EDGE('',*,*,#778,.T.);
#1105=ORIENTED_EDGE('',*,*,#779,.T.);
#1106=ORIENTED_EDGE('',*,*,#780,.T.);
#1107=ORIENTED_EDGE('',*,*,#781,.T.);
#1108=ORIENTED_EDGE('',*,*,#780,.F.);
#1109=ORIENTED_EDGE('',*,*,#782,.T.);
#1110=ORIENTED_EDGE('',*,*,#783,.F.);
#1111=ORIENTED_EDGE('',*,*,#782,.F.);
#1112=ORIENTED_EDGE('',*,*,#783,.T.);
#1113=ORIENTED_EDGE('',*,*,#784,.T.);
#1114=ORIENTED_EDGE('',*,*,#784,.F.);
#1115=ORIENTED_EDGE('',*,*,#785,.T.);
#1116=ORIENTED_EDGE('',*,*,#712,.T.);
#1117=ORIENTED_EDGE('',*,*,#785,.F.);
#1118=ORIENTED_EDGE('',*,*,#781,.F.);
#1119=ORIENTED_EDGE('',*,*,#786,.T.);
#1120=ORIENTED_EDGE('',*,*,#787,.F.);
#1121=ORIENTED_EDGE('',*,*,#786,.F.);
#1122=ORIENTED_EDGE('',*,*,#715,.T.);
#1123=ORIENTED_EDGE('',*,*,#788,.T.);
#1124=ORIENTED_EDGE('',*,*,#789,.F.);
#1125=ORIENTED_EDGE('',*,*,#788,.F.);
#1126=ORIENTED_EDGE('',*,*,#787,.T.);
#1127=ORIENTED_EDGE('',*,*,#789,.T.);
#1128=ORIENTED_EDGE('',*,*,#777,.F.);
#1129=ORIENTED_EDGE('',*,*,#790,.T.);
#1130=ORIENTED_EDGE('',*,*,#705,.F.);
#1131=ORIENTED_EDGE('',*,*,#740,.F.);
#1132=ORIENTED_EDGE('',*,*,#779,.F.);
#1133=ORIENTED_EDGE('',*,*,#791,.T.);
#1134=ORIENTED_EDGE('',*,*,#702,.F.);
#1135=ORIENTED_EDGE('',*,*,#790,.F.);
#1136=ORIENTED_EDGE('',*,*,#778,.F.);
#1137=ORIENTED_EDGE('',*,*,#741,.T.);
#1138=ORIENTED_EDGE('',*,*,#703,.F.);
#1139=ORIENTED_EDGE('',*,*,#791,.F.);
#1140=TOROIDAL_SURFACE('',#1234,1.96602540378444,1.);
#1141=TOROIDAL_SURFACE('',#1244,1.96602540378445,1.);
#1142=TOROIDAL_SURFACE('',#1251,1.96602540378444,1.);
#1143=TOROIDAL_SURFACE('',#1264,1.99987107946588,1.);
#1144=TOROIDAL_SURFACE('',#1267,1.99987107946589,1.);
#1145=TOROIDAL_SURFACE('',#1334,2.80000000000001,0.8);
#1146=TOROIDAL_SURFACE('',#1340,2.79999999999999,0.8);
#1147=TOROIDAL_SURFACE('',#1345,2.79999999999999,0.8);
#1148=TOROIDAL_SURFACE('',#1351,2.80000000000001,0.8);
#1149=ADVANCED_FACE('',(#280),#1140,.T.);
#1150=ADVANCED_FACE('',(#281),#254,.T.);
#1151=ADVANCED_FACE('',(#282),#28,.T.);
#1152=ADVANCED_FACE('',(#283),#1141,.T.);
#1153=ADVANCED_FACE('',(#284),#29,.T.);
#1154=ADVANCED_FACE('',(#285),#1142,.T.);
#1155=ADVANCED_FACE('',(#286),#30,.T.);
#1156=ADVANCED_FACE('',(#287),#31,.T.);
#1157=ADVANCED_FACE('',(#288),#32,.T.);
#1158=ADVANCED_FACE('',(#289),#33,.T.);
#1159=ADVANCED_FACE('',(#290),#255,.F.);
#1160=ADVANCED_FACE('',(#291),#1143,.F.);
#1161=ADVANCED_FACE('',(#292),#1144,.F.);
#1162=ADVANCED_FACE('',(#293),#26,.T.);
#1163=ADVANCED_FACE('',(#294),#256,.T.);
#1164=ADVANCED_FACE('',(#295,#15,#16),#34,.F.);
#1165=ADVANCED_FACE('',(#296),#257,.T.);
#1166=ADVANCED_FACE('',(#297),#258,.T.);
#1167=ADVANCED_FACE('',(#298),#35,.T.);
#1168=ADVANCED_FACE('',(#299),#36,.T.);
#1169=ADVANCED_FACE('',(#300),#37,.T.);
#1170=ADVANCED_FACE('',(#301),#27,.T.);
#1171=ADVANCED_FACE('',(#302),#259,.T.);
#1172=ADVANCED_FACE('',(#303),#260,.T.);
#1173=ADVANCED_FACE('',(#304),#261,.T.);
#1174=ADVANCED_FACE('',(#305),#38,.T.);
#1175=ADVANCED_FACE('',(#306),#262,.T.);
#1176=ADVANCED_FACE('',(#307,#17),#39,.T.);
#1177=ADVANCED_FACE('',(#308),#263,.T.);
#1178=ADVANCED_FACE('',(#309),#40,.T.);
#1179=ADVANCED_FACE('',(#310),#264,.T.);
#1180=ADVANCED_FACE('',(#311),#265,.T.);
#1181=ADVANCED_FACE('',(#312),#41,.T.);
#1182=ADVANCED_FACE('',(#313),#266,.F.);
#1183=ADVANCED_FACE('',(#314,#18),#42,.T.);
#1184=ADVANCED_FACE('',(#315),#267,.F.);
#1185=ADVANCED_FACE('',(#316,#19),#43,.T.);
#1186=ADVANCED_FACE('',(#317),#44,.F.);
#1187=ADVANCED_FACE('',(#318),#45,.F.);
#1188=ADVANCED_FACE('',(#319),#46,.F.);
#1189=ADVANCED_FACE('',(#320),#47,.F.);
#1190=ADVANCED_FACE('',(#321),#48,.F.);
#1191=ADVANCED_FACE('',(#322),#49,.T.);
#1192=ADVANCED_FACE('',(#323),#50,.F.);
#1193=ADVANCED_FACE('',(#324,#20),#51,.T.);
#1194=ADVANCED_FACE('',(#325),#268,.F.);
#1195=ADVANCED_FACE('',(#326),#52,.F.);
#1196=ADVANCED_FACE('',(#327),#269,.F.);
#1197=ADVANCED_FACE('',(#328),#53,.F.);
#1198=ADVANCED_FACE('',(#329),#1145,.T.);
#1199=ADVANCED_FACE('',(#330),#270,.T.);
#1200=ADVANCED_FACE('',(#331),#1146,.T.);
#1201=ADVANCED_FACE('',(#332),#271,.T.);
#1202=ADVANCED_FACE('',(#333),#1147,.T.);
#1203=ADVANCED_FACE('',(#334),#272,.T.);
#1204=ADVANCED_FACE('',(#335),#1148,.T.);
#1205=ADVANCED_FACE('',(#336),#273,.T.);
#1206=ADVANCED_FACE('',(#337,#21),#54,.T.);
#1207=ADVANCED_FACE('',(#338),#274,.F.);
#1208=ADVANCED_FACE('',(#339),#55,.F.);
#1209=ADVANCED_FACE('',(#340),#275,.F.);
#1210=ADVANCED_FACE('',(#341,#22,#23),#56,.T.);
#1211=ADVANCED_FACE('',(#342),#276,.T.);
#1212=ADVANCED_FACE('',(#343,#24),#57,.T.);
#1213=ADVANCED_FACE('',(#344),#277,.F.);
#1214=ADVANCED_FACE('',(#345),#278,.T.);
#1215=ADVANCED_FACE('',(#346),#279,.F.);
#1216=ADVANCED_FACE('',(#347,#25),#58,.T.);
#1217=ADVANCED_FACE('',(#348),#59,.T.);
#1218=ADVANCED_FACE('',(#349),#60,.T.);
#1219=ADVANCED_FACE('',(#350),#61,.T.);
#1220=CLOSED_SHELL('',(#1149,#1150,#1151,#1152,#1153,#1154,#1155,#1156,
#1157,#1158,#1159,#1160,#1161,#1162,#1163,#1164,#1165,#1166,#1167,#1168,
#1169,#1170,#1171,#1172,#1173,#1174,#1175,#1176,#1177,#1178,#1179,#1180,
#1181,#1182,#1183,#1184,#1185,#1186,#1187,#1188,#1189,#1190,#1191,#1192,
#1193,#1194,#1195,#1196,#1197,#1198,#1199,#1200,#1201,#1202,#1203,#1204,
#1205,#1206,#1207,#1208,#1209,#1210,#1211,#1212,#1213,#1214,#1215,#1216,
#1217,#1218,#1219));
#1221=DERIVED_UNIT_ELEMENT(#1223,1.);
#1222=DERIVED_UNIT_ELEMENT(#2284,-3.);
#1223=(
MASS_UNIT()
NAMED_UNIT(*)
SI_UNIT(.KILO.,.GRAM.)
);
#1224=DERIVED_UNIT((#1221,#1222));
#1225=MEASURE_REPRESENTATION_ITEM('density measure',
POSITIVE_RATIO_MEASURE(7850.),#1224);
#1226=PROPERTY_DEFINITION_REPRESENTATION(#1231,#1228);
#1227=PROPERTY_DEFINITION_REPRESENTATION(#1232,#1229);
#1228=REPRESENTATION('material name',(#1230),#2281);
#1229=REPRESENTATION('density',(#1225),#2281);
#1230=DESCRIPTIVE_REPRESENTATION_ITEM('Steel','Steel');
#1231=PROPERTY_DEFINITION('material property','material name',#2291);
#1232=PROPERTY_DEFINITION('material property','density of part',#2291);
#1233=AXIS2_PLACEMENT_3D('',#1755,#1376,#1377);
#1234=AXIS2_PLACEMENT_3D('',#1756,#1378,#1379);
#1235=AXIS2_PLACEMENT_3D('',#1758,#1380,#1381);
#1236=AXIS2_PLACEMENT_3D('',#1760,#1382,#1383);
#1237=AXIS2_PLACEMENT_3D('',#1762,#1384,#1385);
#1238=AXIS2_PLACEMENT_3D('',#1783,#1386,#1387);
#1239=AXIS2_PLACEMENT_3D('',#1803,#1388,#1389);
#1240=AXIS2_PLACEMENT_3D('',#1804,#1390,#1391);
#1241=AXIS2_PLACEMENT_3D('',#1808,#1393,#1394);
#1242=AXIS2_PLACEMENT_3D('',#1812,#1396,#1397);
#1243=AXIS2_PLACEMENT_3D('',#1856,#1401,#1402);
#1244=AXIS2_PLACEMENT_3D('',#1860,#1405,#1406);
#1245=AXIS2_PLACEMENT_3D('',#1862,#1407,#1408);
#1246=AXIS2_PLACEMENT_3D('',#1864,#1409,#1410);
#1247=AXIS2_PLACEMENT_3D('',#1865,#1411,#1412);
#1248=AXIS2_PLACEMENT_3D('',#1867,#1413,#1414);
#1249=AXIS2_PLACEMENT_3D('',#1887,#1415,#1416);
#1250=AXIS2_PLACEMENT_3D('',#1888,#1417,#1418);
#1251=AXIS2_PLACEMENT_3D('',#1890,#1420,#1421);
#1252=AXIS2_PLACEMENT_3D('',#1892,#1422,#1423);
#1253=AXIS2_PLACEMENT_3D('',#1894,#1424,#1425);
#1254=AXIS2_PLACEMENT_3D('',#1895,#1426,#1427);
#1255=AXIS2_PLACEMENT_3D('',#1897,#1428,#1429);
#1256=AXIS2_PLACEMENT_3D('',#1917,#1430,#1431);
#1257=AXIS2_PLACEMENT_3D('',#1918,#1432,#1433);
#1258=AXIS2_PLACEMENT_3D('',#1920,#1435,#1436);
#1259=AXIS2_PLACEMENT_3D('',#1921,#1437,#1438);
#1260=AXIS2_PLACEMENT_3D('',#1922,#1439,#1440);
#1261=AXIS2_PLACEMENT_3D('',#1923,#1441,#1442);
#1262=AXIS2_PLACEMENT_3D('',#1926,#1443,#1444);
#1263=AXIS2_PLACEMENT_3D('',#1930,#1446,#1447);
#1264=AXIS2_PLACEMENT_3D('',#1932,#1449,#1450);
#1265=AXIS2_PLACEMENT_3D('',#1941,#1451,#1452);
#1266=AXIS2_PLACEMENT_3D('',#1943,#1453,#1454);
#1267=AXIS2_PLACEMENT_3D('',#1973,#1455,#1456);
#1268=AXIS2_PLACEMENT_3D('',#2012,#1457,#1458);
#1269=AXIS2_PLACEMENT_3D('',#2013,#1459,#1460);
#1270=AXIS2_PLACEMENT_3D('',#2014,#1461,#1462);
#1271=AXIS2_PLACEMENT_3D('',#2016,#1463,#1464);
#1272=AXIS2_PLACEMENT_3D('',#2017,#1465,#1466);
#1273=AXIS2_PLACEMENT_3D('',#2018,#1467,#1468);
#1274=AXIS2_PLACEMENT_3D('',#2021,#1470,#1471);
#1275=AXIS2_PLACEMENT_3D('',#2023,#1473,#1474);
#1276=AXIS2_PLACEMENT_3D('',#2027,#1476,#1477);
#1277=AXIS2_PLACEMENT_3D('',#2031,#1479,#1480);
#1278=AXIS2_PLACEMENT_3D('',#2034,#1482,#1483);
#1279=AXIS2_PLACEMENT_3D('',#2036,#1484,#1485);
#1280=AXIS2_PLACEMENT_3D('',#2037,#1486,#1487);
#1281=AXIS2_PLACEMENT_3D('',#2041,#1489,#1490);
#1282=AXIS2_PLACEMENT_3D('',#2043,#1492,#1493);
#1283=AXIS2_PLACEMENT_3D('',#2047,#1495,#1496);
#1284=AXIS2_PLACEMENT_3D('',#2049,#1498,#1499);
#1285=AXIS2_PLACEMENT_3D('',#2055,#1503,#1504);
#1286=AXIS2_PLACEMENT_3D('',#2059,#1507,#1508);
#1287=AXIS2_PLACEMENT_3D('',#2066,#1513,#1514);
#1288=AXIS2_PLACEMENT_3D('',#2068,#1515,#1516);
#1289=AXIS2_PLACEMENT_3D('',#2069,#1517,#1518);
#1290=AXIS2_PLACEMENT_3D('',#2070,#1519,#1520);
#1291=AXIS2_PLACEMENT_3D('',#2073,#1522,#1523);
#1292=AXIS2_PLACEMENT_3D('',#2074,#1524,#1525);
#1293=AXIS2_PLACEMENT_3D('',#2076,#1527,#1528);
#1294=AXIS2_PLACEMENT_3D('',#2078,#1530,#1531);
#1295=AXIS2_PLACEMENT_3D('',#2079,#1532,#1533);
#1296=AXIS2_PLACEMENT_3D('',#2081,#1534,#1535);
#1297=AXIS2_PLACEMENT_3D('',#2083,#1537,#1538);
#1298=AXIS2_PLACEMENT_3D('',#2086,#1540,#1541);
#1299=AXIS2_PLACEMENT_3D('',#2088,#1542,#1543);
#1300=AXIS2_PLACEMENT_3D('',#2091,#1545,#1546);
#1301=AXIS2_PLACEMENT_3D('',#2100,#1551,#1552);
#1302=AXIS2_PLACEMENT_3D('',#2102,#1554,#1555);
#1303=AXIS2_PLACEMENT_3D('',#2104,#1557,#1558);
#1304=AXIS2_PLACEMENT_3D('',#2105,#1559,#1560);
#1305=AXIS2_PLACEMENT_3D('',#2107,#1562,#1563);
#1306=AXIS2_PLACEMENT_3D('',#2109,#1565,#1566);
#1307=AXIS2_PLACEMENT_3D('',#2112,#1568,#1569);
#1308=AXIS2_PLACEMENT_3D('',#2113,#1570,#1571);
#1309=AXIS2_PLACEMENT_3D('',#2115,#1572,#1573);
#1310=AXIS2_PLACEMENT_3D('',#2116,#1574,#1575);
#1311=AXIS2_PLACEMENT_3D('',#2119,#1577,#1578);
#1312=AXIS2_PLACEMENT_3D('',#2120,#1579,#1580);
#1313=AXIS2_PLACEMENT_3D('',#2122,#1581,#1582);
#1314=AXIS2_PLACEMENT_3D('',#2123,#1583,#1584);
#1315=AXIS2_PLACEMENT_3D('',#2132,#1589,#1590);
#1316=AXIS2_PLACEMENT_3D('',#2138,#1594,#1595);
#1317=AXIS2_PLACEMENT_3D('',#2144,#1599,#1600);
#1318=AXIS2_PLACEMENT_3D('',#2150,#1604,#1605);
#1319=AXIS2_PLACEMENT_3D('',#2156,#1609,#1610);
#1320=AXIS2_PLACEMENT_3D('',#2158,#1611,#1612);
#1321=AXIS2_PLACEMENT_3D('',#2161,#1614,#1615);
#1322=AXIS2_PLACEMENT_3D('',#2162,#1616,#1617);
#1323=AXIS2_PLACEMENT_3D('',#2171,#1622,#1623);
#1324=AXIS2_PLACEMENT_3D('',#2178,#1627,#1628);
#1325=AXIS2_PLACEMENT_3D('',#2182,#1630,#1631);
#1326=AXIS2_PLACEMENT_3D('',#2185,#1633,#1634);
#1327=AXIS2_PLACEMENT_3D('',#2186,#1635,#1636);
#1328=AXIS2_PLACEMENT_3D('',#2187,#1637,#1638);
#1329=AXIS2_PLACEMENT_3D('',#2190,#1640,#1641);
#1330=AXIS2_PLACEMENT_3D('',#2191,#1642,#1643);
#1331=AXIS2_PLACEMENT_3D('',#2195,#1646,#1647);
#1332=AXIS2_PLACEMENT_3D('',#2198,#1649,#1650);
#1333=AXIS2_PLACEMENT_3D('',#2199,#1651,#1652);
#1334=AXIS2_PLACEMENT_3D('',#2203,#1655,#1656);
#1335=AXIS2_PLACEMENT_3D('',#2205,#1657,#1658);
#1336=AXIS2_PLACEMENT_3D('',#2207,#1659,#1660);
#1337=AXIS2_PLACEMENT_3D('',#2208,#1661,#1662);
#1338=AXIS2_PLACEMENT_3D('',#2209,#1663,#1664);
#1339=AXIS2_PLACEMENT_3D('',#2211,#1665,#1666);
#1340=AXIS2_PLACEMENT_3D('',#2213,#1668,#1669);
#1341=AXIS2_PLACEMENT_3D('',#2215,#1670,#1671);
#1342=AXIS2_PLACEMENT_3D('',#2216,#1672,#1673);
#1343=AXIS2_PLACEMENT_3D('',#2217,#1674,#1675);
#1344=AXIS2_PLACEMENT_3D('',#2219,#1676,#1677);
#1345=AXIS2_PLACEMENT_3D('',#2221,#1679,#1680);
#1346=AXIS2_PLACEMENT_3D('',#2224,#1681,#1682);
#1347=AXIS2_PLACEMENT_3D('',#2225,#1683,#1684);
#1348=AXIS2_PLACEMENT_3D('',#2226,#1685,#1686);
#1349=AXIS2_PLACEMENT_3D('',#2227,#1687,#1688);
#1350=AXIS2_PLACEMENT_3D('',#2230,#1689,#1690);
#1351=AXIS2_PLACEMENT_3D('',#2233,#1693,#1694);
#1352=AXIS2_PLACEMENT_3D('',#2235,#1695,#1696);
#1353=AXIS2_PLACEMENT_3D('',#2236,#1697,#1698);
#1354=AXIS2_PLACEMENT_3D('',#2237,#1699,#1700);
#1355=AXIS2_PLACEMENT_3D('',#2238,#1701,#1702);
#1356=AXIS2_PLACEMENT_3D('',#2240,#1704,#1705);
#1357=AXIS2_PLACEMENT_3D('',#2241,#1706,#1707);
#1358=AXIS2_PLACEMENT_3D('',#2243,#1709,#1710);
#1359=AXIS2_PLACEMENT_3D('',#2245,#1712,#1713);
#1360=AXIS2_PLACEMENT_3D('',#2246,#1714,#1715);
#1361=AXIS2_PLACEMENT_3D('',#2253,#1719,#1720);
#1362=AXIS2_PLACEMENT_3D('',#2255,#1721,#1722);
#1363=AXIS2_PLACEMENT_3D('',#2256,#1723,#1724);
#1364=AXIS2_PLACEMENT_3D('',#2259,#1726,#1727);
#1365=AXIS2_PLACEMENT_3D('',#2260,#1728,#1729);
#1366=AXIS2_PLACEMENT_3D('',#2262,#1730,#1731);
#1367=AXIS2_PLACEMENT_3D('',#2263,#1732,#1733);
#1368=AXIS2_PLACEMENT_3D('',#2265,#1735,#1736);
#1369=AXIS2_PLACEMENT_3D('',#2268,#1738,#1739);
#1370=AXIS2_PLACEMENT_3D('',#2269,#1740,#1741);
#1371=AXIS2_PLACEMENT_3D('',#2272,#1743,#1744);
#1372=AXIS2_PLACEMENT_3D('',#2273,#1745,#1746);
#1373=AXIS2_PLACEMENT_3D('',#2274,#1747,#1748);
#1374=AXIS2_PLACEMENT_3D('',#2276,#1750,#1751);
#1375=AXIS2_PLACEMENT_3D('',#2278,#1753,#1754);
#1376=DIRECTION('axis',(0.,0.,1.));
#1377=DIRECTION('refdir',(1.,0.,0.));
#1378=DIRECTION('center_axis',(-0.713250449154182,0.,-0.700909264299851));
#1379=DIRECTION('ref_axis',(0.,1.,0.));
#1380=DIRECTION('center_axis',(0.713250449154182,0.,0.700909264299851));
#1381=DIRECTION('ref_axis',(0.,-1.,0.));
#1382=DIRECTION('center_axis',(-0.700909264299851,0.,0.713250449154182));
#1383=DIRECTION('ref_axis',(0.,-1.,0.));
#1384=DIRECTION('center_axis',(-0.713250449154182,0.,-0.700909264299851));
#1385=DIRECTION('ref_axis',(-1.41176078204288E-15,1.,1.48234882114502E-15));
#1386=DIRECTION('center_axis',(-0.713250449154182,0.,-0.700909264299851));
#1387=DIRECTION('ref_axis',(-1.41176078204288E-15,1.,1.48234882114502E-15));
#1388=DIRECTION('center_axis',(-0.713250449154182,0.,-0.700909264299851));
#1389=DIRECTION('ref_axis',(-1.41176078204288E-15,1.,1.48234882114502E-15));
#1390=DIRECTION('center_axis',(0.,-1.,0.));
#1391=DIRECTION('ref_axis',(-0.999961923064172,0.,0.00872653549836549));
#1392=DIRECTION('',(0.,-1.,0.));
#1393=DIRECTION('center_axis',(-0.504344229281272,0.707106781186551,-0.495617693782895));
#1394=DIRECTION('ref_axis',(0.504344229281276,0.707106781186545,0.495617693782899));
#1395=DIRECTION('',(0.,1.,0.));
#1396=DIRECTION('center_axis',(-0.504344229281272,-0.707106781186549,-0.495617693782897));
#1397=DIRECTION('ref_axis',(-0.504344229281274,0.707106781186546,-0.495617693782899));
#1398=DIRECTION('',(0.,-1.,0.));
#1399=DIRECTION('',(0.,-1.,0.));
#1400=DIRECTION('',(0.,-1.,0.));
#1401=DIRECTION('center_axis',(-0.713250449154182,0.,-0.700909264299851));
#1402=DIRECTION('ref_axis',(0.700909264299851,0.,-0.713250449154182));
#1403=DIRECTION('',(0.,1.,0.));
#1404=DIRECTION('',(0.700909264299851,0.,-0.713250449154182));
#1405=DIRECTION('center_axis',(-0.713250449154182,0.,-0.700909264299851));
#1406=DIRECTION('ref_axis',(9.58242279184119E-15,1.,-1.07802256408213E-14));
#1407=DIRECTION('center_axis',(0.713250449154182,0.,0.700909264299851));
#1408=DIRECTION('ref_axis',(0.,-1.,0.));
#1409=DIRECTION('center_axis',(-0.700909264299851,1.58709285618403E-14,
0.713250449154182));
#1410=DIRECTION('ref_axis',(-1.19780284898015E-14,-1.,1.04807749285763E-14));
#1411=DIRECTION('center_axis',(-0.713250449154182,0.,-0.700909264299851));
#1412=DIRECTION('ref_axis',(8.68232880956369E-15,1.,-8.82350488776798E-15));
#1413=DIRECTION('center_axis',(-0.713250449154182,0.,-0.700909264299851));
#1414=DIRECTION('ref_axis',(8.68232880956369E-15,1.,-8.82350488776798E-15));
#1415=DIRECTION('center_axis',(-0.713250449154182,0.,-0.700909264299851));
#1416=DIRECTION('ref_axis',(8.68232880956369E-15,1.,-8.82350488776798E-15));
#1417=DIRECTION('center_axis',(-0.713250449154182,0.,-0.700909264299851));
#1418=DIRECTION('ref_axis',(0.700909264299851,0.,-0.713250449154182));
#1419=DIRECTION('',(0.,1.,0.));
#1420=DIRECTION('center_axis',(-0.713250449154182,0.,-0.700909264299851));
#1421=DIRECTION('ref_axis',(1.43736341877618E-14,1.,-1.07802256408213E-14));
#1422=DIRECTION('center_axis',(0.713250449154182,0.,0.700909264299851));
#1423=DIRECTION('ref_axis',(0.,-1.,0.));
#1424=DIRECTION('center_axis',(-0.700909264299851,1.64048869493611E-14,
0.713250449154182));
#1425=DIRECTION('ref_axis',(-1.19780284898015E-14,-1.,1.12294017091889E-14));
#1426=DIRECTION('center_axis',(-0.713250449154182,0.,-0.700909264299851));
#1427=DIRECTION('ref_axis',(8.68232880956371E-15,1.,-8.823504887768E-15));
#1428=DIRECTION('center_axis',(-0.713250449154182,0.,-0.700909264299851));
#1429=DIRECTION('ref_axis',(8.68232880956371E-15,1.,-8.823504887768E-15));
#1430=DIRECTION('center_axis',(-0.713250449154182,0.,-0.700909264299851));
#1431=DIRECTION('ref_axis',(8.68232880956371E-15,1.,-8.823504887768E-15));
#1432=DIRECTION('center_axis',(-0.713250449154182,0.,-0.700909264299851));
#1433=DIRECTION('ref_axis',(0.700909264299851,0.,-0.713250449154182));
#1434=DIRECTION('',(0.,1.,0.));
#1435=DIRECTION('center_axis',(-0.713250449154182,0.,-0.700909264299851));
#1436=DIRECTION('ref_axis',(0.,-1.,0.));
#1437=DIRECTION('center_axis',(-0.713250449154182,0.,-0.700909264299851));
#1438=DIRECTION('ref_axis',(0.,-1.,0.));
#1439=DIRECTION('center_axis',(-0.713250449154182,0.,-0.700909264299851));
#1440=DIRECTION('ref_axis',(0.,-1.,0.));
#1441=DIRECTION('center_axis',(0.,-1.,0.));
#1442=DIRECTION('ref_axis',(0.,0.,-1.));
#1443=DIRECTION('center_axis',(0.,-1.,0.));
#1444=DIRECTION('ref_axis',(0.,0.,1.));
#1445=DIRECTION('',(0.,1.,0.));
#1446=DIRECTION('center_axis',(0.,1.,0.));
#1447=DIRECTION('ref_axis',(-0.999935539732944,0.,0.0113541348849886));
#1448=DIRECTION('',(0.,-1.,0.));
#1449=DIRECTION('center_axis',(0.,0.,-1.));
#1450=DIRECTION('ref_axis',(-1.,0.,0.));
#1451=DIRECTION('center_axis',(0.,0.,1.));
#1452=DIRECTION('ref_axis',(-1.,0.,0.));
#1453=DIRECTION('center_axis',(0.,0.,-1.));
#1454=DIRECTION('ref_axis',(-1.,0.,0.));
#1455=DIRECTION('center_axis',(0.,0.,-1.));
#1456=DIRECTION('ref_axis',(-1.,0.,0.));
#1457=DIRECTION('center_axis',(0.,0.,-1.));
#1458=DIRECTION('ref_axis',(-1.,0.,0.));
#1459=DIRECTION('center_axis',(0.,0.,1.));
#1460=DIRECTION('ref_axis',(-1.,0.,0.));
#1461=DIRECTION('center_axis',(0.,0.,1.));
#1462=DIRECTION('ref_axis',(1.,0.,0.));
#1463=DIRECTION('center_axis',(0.713250449154181,0.,0.700909264299851));
#1464=DIRECTION('ref_axis',(0.700909264299851,0.,-0.713250449154181));
#1465=DIRECTION('center_axis',(0.,-1.,0.));
#1466=DIRECTION('ref_axis',(1.,0.,0.));
#1467=DIRECTION('center_axis',(0.713250449154181,0.,0.700909264299851));
#1468=DIRECTION('ref_axis',(0.495617693782906,-0.707106781186537,-0.504344229281281));
#1469=DIRECTION('',(-0.713250449154181,0.,-0.700909264299851));
#1470=DIRECTION('center_axis',(-0.504344229281269,0.707106781186553,-0.495617693782895));
#1471=DIRECTION('ref_axis',(0.504344229281277,0.707106781186542,0.495617693782902));
#1472=DIRECTION('',(0.713250449154181,0.,0.700909264299851));
#1473=DIRECTION('center_axis',(0.,0.,1.));
#1474=DIRECTION('ref_axis',(1.,0.,0.));
#1475=DIRECTION('',(-1.,0.,0.));
#1476=DIRECTION('center_axis',(0.,0.,1.));
#1477=DIRECTION('ref_axis',(0.707106781186549,0.707106781186546,0.));
#1478=DIRECTION('',(0.,1.,0.));
#1479=DIRECTION('center_axis',(0.,0.,1.));
#1480=DIRECTION('ref_axis',(0.707106781186543,-0.707106781186552,0.));
#1481=DIRECTION('',(1.,0.,0.));
#1482=DIRECTION('center_axis',(0.,0.,1.));
#1483=DIRECTION('ref_axis',(1.,0.,0.));
#1484=DIRECTION('center_axis',(0.,0.,1.));
#1485=DIRECTION('ref_axis',(1.,0.,0.));
#1486=DIRECTION('center_axis',(-0.713250449154182,0.,-0.700909264299851));
#1487=DIRECTION('ref_axis',(-0.495617693782898,-0.707106781186544,0.504344229281279));
#1488=DIRECTION('',(0.713250449154182,0.,0.700909264299851));
#1489=DIRECTION('center_axis',(0.386710961636824,0.,0.92220097167045));
#1490=DIRECTION('ref_axis',(-0.92220097167045,0.,0.386710961636824));
#1491=DIRECTION('',(-0.713250449154182,0.,-0.700909264299851));
#1492=DIRECTION('center_axis',(-0.713250449154182,0.,-0.700909264299851));
#1493=DIRECTION('ref_axis',(-0.495617693782902,0.707106781186547,0.504344229281271));
#1494=DIRECTION('',(0.713250449154182,0.,0.700909264299851));
#1495=DIRECTION('center_axis',(0.386710961636826,0.,0.92220097167045));
#1496=DIRECTION('ref_axis',(-0.92220097167045,-1.02384875208023E-15,0.386710961636826));
#1497=DIRECTION('',(-0.713250449154182,0.,-0.700909264299851));
#1498=DIRECTION('center_axis',(0.,-1.,0.));
#1499=DIRECTION('ref_axis',(1.,0.,0.));
#1500=DIRECTION('',(0.,0.,1.));
#1501=DIRECTION('',(0.,0.,-1.));
#1502=DIRECTION('',(1.,0.,0.));
#1503=DIRECTION('center_axis',(-0.713250449154182,0.,-0.700909264299851));
#1504=DIRECTION('ref_axis',(0.700909264299851,0.,-0.713250449154182));
#1505=DIRECTION('',(0.700909264299851,0.,-0.713250449154182));
#1506=DIRECTION('',(0.,1.,0.));
#1507=DIRECTION('center_axis',(0.,1.,0.));
#1508=DIRECTION('ref_axis',(-1.,0.,0.));
#1509=DIRECTION('',(0.,0.,-1.));
#1510=DIRECTION('',(-1.,0.,0.));
#1511=DIRECTION('',(0.,0.,1.));
#1512=DIRECTION('',(0.713250449154181,0.,0.700909264299851));
#1513=DIRECTION('center_axis',(0.,0.,1.));
#1514=DIRECTION('ref_axis',(1.,0.,0.));
#1515=DIRECTION('center_axis',(0.,1.,0.));
#1516=DIRECTION('ref_axis',(0.700909264299853,0.,-0.71325044915418));
#1517=DIRECTION('center_axis',(0.713250449154183,0.,0.700909264299849));
#1518=DIRECTION('ref_axis',(0.,1.,0.));
#1519=DIRECTION('center_axis',(0.713250449154181,0.,0.700909264299851));
#1520=DIRECTION('ref_axis',(0.4956176937829,0.707106781186545,-0.504344229281275));
#1521=DIRECTION('',(-0.713250449154181,0.,-0.700909264299851));
#1522=DIRECTION('center_axis',(0.504344229281271,0.707106781186551,0.495617693782896));
#1523=DIRECTION('ref_axis',(-0.504344229281274,0.707106781186545,-0.495617693782901));
#1524=DIRECTION('center_axis',(0.,-1.,0.));
#1525=DIRECTION('ref_axis',(0.922200971670452,0.,-0.386710961636821));
#1526=DIRECTION('',(0.,1.,0.));
#1527=DIRECTION('center_axis',(0.,-1.,0.));
#1528=DIRECTION('ref_axis',(-0.00872653549838736,0.,-0.999961923064171));
#1529=DIRECTION('',(0.,-1.,0.));
#1530=DIRECTION('center_axis',(0.700909264299851,0.,-0.713250449154181));
#1531=DIRECTION('ref_axis',(0.713250449154181,0.,0.700909264299851));
#1532=DIRECTION('center_axis',(0.,0.,1.));
#1533=DIRECTION('ref_axis',(-0.707106781186546,0.707106781186549,0.));
#1534=DIRECTION('center_axis',(0.,0.,-1.));
#1535=DIRECTION('ref_axis',(-0.707106781186546,0.707106781186549,0.));
#1536=DIRECTION('',(0.,0.,1.));
#1537=DIRECTION('center_axis',(0.,0.,1.));
#1538=DIRECTION('ref_axis',(1.,0.,0.));
#1539=DIRECTION('',(-8.35193729500607E-17,-1.,0.));
#1540=DIRECTION('center_axis',(0.,0.,-1.));
#1541=DIRECTION('ref_axis',(-0.707106781186554,-0.707106781186541,0.));
#1542=DIRECTION('center_axis',(0.,0.,-1.));
#1543=DIRECTION('ref_axis',(0.707106781186543,-0.707106781186552,0.));
#1544=DIRECTION('',(0.,1.,0.));
#1545=DIRECTION('center_axis',(0.,0.,-1.));
#1546=DIRECTION('ref_axis',(0.707106781186549,0.707106781186546,0.));
#1547=DIRECTION('',(0.,-1.,0.));
#1548=DIRECTION('',(-1.,0.,0.));
#1549=DIRECTION('',(0.,1.,0.));
#1550=DIRECTION('',(1.,0.,0.));
#1551=DIRECTION('center_axis',(0.,0.,1.));
#1552=DIRECTION('ref_axis',(0.707106781186549,0.707106781186546,0.));
#1553=DIRECTION('',(0.,0.,-1.));
#1554=DIRECTION('center_axis',(1.,0.,0.));
#1555=DIRECTION('ref_axis',(0.,1.,0.));
#1556=DIRECTION('',(0.,0.,1.));
#1557=DIRECTION('center_axis',(0.,0.,1.));
#1558=DIRECTION('ref_axis',(0.707106781186543,-0.707106781186552,0.));
#1559=DIRECTION('center_axis',(0.,0.,1.));
#1560=DIRECTION('ref_axis',(-0.707106781186554,-0.707106781186541,0.));
#1561=DIRECTION('',(0.,0.,-1.));
#1562=DIRECTION('center_axis',(-0.700909264299851,0.,0.713250449154182));
#1563=DIRECTION('ref_axis',(-0.713250449154182,0.,-0.700909264299851));
#1564=DIRECTION('',(-8.35193729500607E-17,-1.,0.));
#1565=DIRECTION('center_axis',(0.,0.,1.));
#1566=DIRECTION('ref_axis',(1.,0.,0.));
#1567=DIRECTION('',(0.,0.,1.));
#1568=DIRECTION('center_axis',(0.,0.,1.));
#1569=DIRECTION('ref_axis',(1.,0.,0.));
#1570=DIRECTION('center_axis',(0.,0.,-1.));
#1571=DIRECTION('ref_axis',(1.,0.,0.));
#1572=DIRECTION('center_axis',(0.,0.,-1.));
#1573=DIRECTION('ref_axis',(-1.,0.,0.));
#1574=DIRECTION('center_axis',(0.,0.,1.));
#1575=DIRECTION('ref_axis',(1.,0.,0.));
#1576=DIRECTION('',(0.,0.,1.));
#1577=DIRECTION('center_axis',(0.,0.,1.));
#1578=DIRECTION('ref_axis',(1.,0.,0.));
#1579=DIRECTION('center_axis',(0.,0.,-1.));
#1580=DIRECTION('ref_axis',(1.,0.,0.));
#1581=DIRECTION('center_axis',(0.,0.,-1.));
#1582=DIRECTION('ref_axis',(-1.,0.,0.));
#1583=DIRECTION('center_axis',(0.,0.,1.));
#1584=DIRECTION('ref_axis',(0.,1.,0.));
#1585=DIRECTION('',(0.,1.,0.));
#1586=DIRECTION('',(-1.,0.,0.));
#1587=DIRECTION('',(0.,1.,0.));
#1588=DIRECTION('',(-1.,0.,0.));
#1589=DIRECTION('center_axis',(0.,-1.,0.));
#1590=DIRECTION('ref_axis',(0.,0.,1.));
#1591=DIRECTION('',(0.,0.,1.));
#1592=DIRECTION('',(-1.,0.,0.));
#1593=DIRECTION('',(0.,0.,1.));
#1594=DIRECTION('center_axis',(0.,0.,-1.));
#1595=DIRECTION('ref_axis',(0.,-1.,0.));
#1596=DIRECTION('',(0.,-1.,0.));
#1597=DIRECTION('',(-1.,0.,0.));
#1598=DIRECTION('',(0.,-1.,0.));
#1599=DIRECTION('center_axis',(0.,1.,0.));
#1600=DIRECTION('ref_axis',(0.,0.,-1.));
#1601=DIRECTION('',(0.,0.,-1.));
#1602=DIRECTION('',(-1.,0.,0.));
#1603=DIRECTION('',(0.,0.,-1.));
#1604=DIRECTION('center_axis',(0.,0.,1.));
#1605=DIRECTION('ref_axis',(0.,1.,0.));
#1606=DIRECTION('',(0.,1.,0.));
#1607=DIRECTION('',(1.,0.,0.));
#1608=DIRECTION('',(0.,1.,0.));
#1609=DIRECTION('center_axis',(1.,0.,0.));
#1610=DIRECTION('ref_axis',(0.,1.,0.));
#1611=DIRECTION('center_axis',(1.,0.,0.));
#1612=DIRECTION('ref_axis',(0.,1.,-6.6613381477509E-15));
#1613=DIRECTION('',(0.,1.,5.55111512312578E-16));
#1614=DIRECTION('center_axis',(1.,0.,0.));
#1615=DIRECTION('ref_axis',(0.,0.,-1.));
#1616=DIRECTION('center_axis',(0.,1.,0.));
#1617=DIRECTION('ref_axis',(0.,0.,1.));
#1618=DIRECTION('',(1.,0.,0.));
#1619=DIRECTION('',(0.,0.,1.));
#1620=DIRECTION('',(1.,0.,0.));
#1621=DIRECTION('',(0.,0.,-1.));
#1622=DIRECTION('center_axis',(1.,0.,0.));
#1623=DIRECTION('ref_axis',(0.,1.,0.));
#1624=DIRECTION('',(0.,-1.,0.));
#1625=DIRECTION('',(0.,0.,1.));
#1626=DIRECTION('',(0.,0.,1.));
#1627=DIRECTION('center_axis',(-1.,0.,0.));
#1628=DIRECTION('ref_axis',(0.,0.,-1.));
#1629=DIRECTION('',(0.,0.,1.));
#1630=DIRECTION('center_axis',(-1.,0.,0.));
#1631=DIRECTION('ref_axis',(0.,-1.,-5.5511151231258E-15));
#1632=DIRECTION('',(0.,1.,0.));
#1633=DIRECTION('center_axis',(-1.,0.,0.));
#1634=DIRECTION('ref_axis',(0.,4.44089209850061E-15,1.));
#1635=DIRECTION('center_axis',(-1.,0.,0.));
#1636=DIRECTION('ref_axis',(0.,1.,-6.6613381477509E-15));
#1637=DIRECTION('center_axis',(1.,0.,0.));
#1638=DIRECTION('ref_axis',(0.,4.44089209850061E-15,1.));
#1639=DIRECTION('',(1.,0.,0.));
#1640=DIRECTION('center_axis',(1.,-8.35193729500607E-17,0.));
#1641=DIRECTION('ref_axis',(6.9388939039072E-17,0.707106781186548,0.707106781186548));
#1642=DIRECTION('center_axis',(0.,0.,1.));
#1643=DIRECTION('ref_axis',(0.,-1.,0.));
#1644=DIRECTION('',(1.,0.,0.));
#1645=DIRECTION('',(-8.35193729500607E-17,-1.,0.));
#1646=DIRECTION('center_axis',(1.,0.,0.));
#1647=DIRECTION('ref_axis',(0.,-1.,-5.5511151231258E-15));
#1648=DIRECTION('',(1.,0.,0.));
#1649=DIRECTION('center_axis',(1.,-8.35193729500607E-17,0.));
#1650=DIRECTION('ref_axis',(-6.93889390390726E-17,-0.707106781186549,0.707106781186546));
#1651=DIRECTION('center_axis',(0.,-1.,0.));
#1652=DIRECTION('ref_axis',(0.,0.,-1.));
#1653=DIRECTION('',(1.,0.,0.));
#1654=DIRECTION('',(0.,0.,-1.));
#1655=DIRECTION('center_axis',(1.,-8.35193729500607E-17,0.));
#1656=DIRECTION('ref_axis',(0.,0.,-1.));
#1657=DIRECTION('center_axis',(0.,-2.77555756156289E-15,1.));
#1658=DIRECTION('ref_axis',(-1.,0.,0.));
#1659=DIRECTION('center_axis',(0.,1.,-1.11022302462516E-14));
#1660=DIRECTION('ref_axis',(0.,-1.11022302462516E-14,-1.));
#1661=DIRECTION('center_axis',(-1.,8.35193729500607E-17,0.));
#1662=DIRECTION('ref_axis',(5.90571149734362E-17,0.707106781186547,0.707106781186547));
#1663=DIRECTION('center_axis',(-8.35193729500607E-17,-1.,0.));
#1664=DIRECTION('ref_axis',(-0.707106781186548,0.,-0.707106781186548));
#1665=DIRECTION('center_axis',(0.,1.,0.));
#1666=DIRECTION('ref_axis',(0.,0.,-1.));
#1667=DIRECTION('',(8.35193729500607E-17,1.,0.));
#1668=DIRECTION('center_axis',(1.,-8.35193729500607E-17,0.));
#1669=DIRECTION('ref_axis',(0.,0.,-1.));
#1670=DIRECTION('center_axis',(0.,-8.32667268468867E-15,1.));
#1671=DIRECTION('ref_axis',(0.,1.,8.32667268468867E-15));
#1672=DIRECTION('center_axis',(-1.,8.35193729500607E-17,0.));
#1673=DIRECTION('ref_axis',(-5.90571149734364E-17,-0.707106781186549,0.707106781186546));
#1674=DIRECTION('center_axis',(0.,0.,-1.));
#1675=DIRECTION('ref_axis',(-0.707106781186555,0.70710678118654,0.));
#1676=DIRECTION('center_axis',(0.,0.,1.));
#1677=DIRECTION('ref_axis',(0.,1.,0.));
#1678=DIRECTION('',(0.,0.,1.));
#1679=DIRECTION('center_axis',(1.,-8.35193729500607E-17,0.));
#1680=DIRECTION('ref_axis',(0.,0.,-1.));
#1681=DIRECTION('center_axis',(0.,-1.,0.));
#1682=DIRECTION('ref_axis',(0.,0.,1.));
#1683=DIRECTION('center_axis',(-1.,8.35193729500607E-17,0.));
#1684=DIRECTION('ref_axis',(-5.90571149734364E-17,-0.707106781186549,-0.707106781186546));
#1685=DIRECTION('center_axis',(1.,-8.35193729500607E-17,0.));
#1686=DIRECTION('ref_axis',(-6.93889390390726E-17,-0.707106781186549,-0.707106781186546));
#1687=DIRECTION('center_axis',(8.35193729500607E-17,1.,5.55111512312578E-16));
#1688=DIRECTION('ref_axis',(-0.707106781186548,0.,0.707106781186548));
#1689=DIRECTION('center_axis',(0.,-1.,0.));
#1690=DIRECTION('ref_axis',(0.,0.,1.));
#1691=DIRECTION('',(-8.35193729500607E-17,-1.,-5.55111512312578E-16));
#1692=DIRECTION('',(8.35193729500607E-17,1.,5.55111512312578E-16));
#1693=DIRECTION('center_axis',(1.,-8.35193729500607E-17,0.));
#1694=DIRECTION('ref_axis',(0.,0.,-1.));
#1695=DIRECTION('center_axis',(0.,-5.55111512312578E-15,-1.));
#1696=DIRECTION('ref_axis',(0.,-1.,5.55111512312578E-15));
#1697=DIRECTION('center_axis',(-1.,8.35193729500607E-17,0.));
#1698=DIRECTION('ref_axis',(5.90571149734362E-17,0.707106781186548,-0.707106781186548));
#1699=DIRECTION('center_axis',(1.,-8.35193729500607E-17,0.));
#1700=DIRECTION('ref_axis',(6.9388939039072E-17,0.707106781186548,-0.707106781186548));
#1701=DIRECTION('center_axis',(0.,0.,1.));
#1702=DIRECTION('ref_axis',(-0.707106781186548,-0.707106781186548,0.));
#1703=DIRECTION('',(0.,0.,-1.));
#1704=DIRECTION('center_axis',(-1.,8.35193729500607E-17,0.));
#1705=DIRECTION('ref_axis',(-8.35193729500607E-17,-1.,0.));
#1706=DIRECTION('center_axis',(1.,0.,0.));
#1707=DIRECTION('ref_axis',(0.,1.,-6.6613381477509E-15));
#1708=DIRECTION('',(1.,0.,0.));
#1709=DIRECTION('center_axis',(0.,5.55111512312578E-16,-1.));
#1710=DIRECTION('ref_axis',(0.,1.,5.55111512312578E-16));
#1711=DIRECTION('',(1.,0.,0.));
#1712=DIRECTION('center_axis',(1.,0.,0.));
#1713=DIRECTION('ref_axis',(0.,0.,-1.));
#1714=DIRECTION('center_axis',(0.,0.,1.));
#1715=DIRECTION('ref_axis',(1.,0.,0.));
#1716=DIRECTION('',(-1.,0.,0.));
#1717=DIRECTION('',(1.,0.,0.));
#1718=DIRECTION('',(0.,1.,0.));
#1719=DIRECTION('center_axis',(0.,0.,-1.));
#1720=DIRECTION('ref_axis',(-1.,0.,0.));
#1721=DIRECTION('center_axis',(0.,0.,-1.));
#1722=DIRECTION('ref_axis',(-1.,0.,0.));
#1723=DIRECTION('center_axis',(0.,0.,1.));
#1724=DIRECTION('ref_axis',(-1.,0.,0.));
#1725=DIRECTION('',(0.,0.,1.));
#1726=DIRECTION('center_axis',(0.,0.,1.));
#1727=DIRECTION('ref_axis',(-1.,0.,0.));
#1728=DIRECTION('center_axis',(0.,0.,1.));
#1729=DIRECTION('ref_axis',(1.,0.,0.));
#1730=DIRECTION('center_axis',(0.,0.,-1.));
#1731=DIRECTION('ref_axis',(-1.,0.,0.));
#1732=DIRECTION('center_axis',(0.,0.,1.));
#1733=DIRECTION('ref_axis',(-1.,0.,0.));
#1734=DIRECTION('',(0.,0.,-1.));
#1735=DIRECTION('center_axis',(0.,0.,1.));
#1736=DIRECTION('ref_axis',(-1.,0.,0.));
#1737=DIRECTION('',(0.,0.,1.));
#1738=DIRECTION('center_axis',(0.,0.,1.));
#1739=DIRECTION('ref_axis',(-1.,0.,0.));
#1740=DIRECTION('center_axis',(0.,0.,1.));
#1741=DIRECTION('ref_axis',(-1.,0.,0.));
#1742=DIRECTION('',(0.,0.,1.));
#1743=DIRECTION('center_axis',(0.,0.,-1.));
#1744=DIRECTION('ref_axis',(-1.,0.,0.));
#1745=DIRECTION('center_axis',(0.,0.,1.));
#1746=DIRECTION('ref_axis',(1.,0.,0.));
#1747=DIRECTION('center_axis',(0.,-1.,0.));
#1748=DIRECTION('ref_axis',(1.,0.,0.));
#1749=DIRECTION('',(0.,0.,1.));
#1750=DIRECTION('center_axis',(-1.,0.,0.));
#1751=DIRECTION('ref_axis',(0.,-1.,0.));
#1752=DIRECTION('',(0.,0.,1.));
#1753=DIRECTION('center_axis',(0.,1.,0.));
#1754=DIRECTION('ref_axis',(-1.,0.,0.));
#1755=CARTESIAN_POINT('',(0.,0.,0.));
#1756=CARTESIAN_POINT('Origin',(-87.8654860421716,-74.758,-18.8197291626919));
#1757=CARTESIAN_POINT('',(-88.2221112667487,-75.858,-19.1701837948419));
#1758=CARTESIAN_POINT('Origin',(-88.2221112667487,-74.758,-19.1701837948418));
#1759=CARTESIAN_POINT('',(-88.5787364913258,-76.7240254037844,-19.5206384269918));
#1760=CARTESIAN_POINT('Origin',(-87.8654860421716,-76.7240254037844,-18.8197291626919));
#1761=CARTESIAN_POINT('',(-89.5656521442164,-76.1300967991337,-18.5163457623704));
#1762=CARTESIAN_POINT('Origin',(-88.5787364913258,-74.758,-19.5206384269918));
#1763=CARTESIAN_POINT('',(-89.5656521442164,-73.3859032008663,-18.5163457623704));
#1764=CARTESIAN_POINT('Ctrl Pts',(-89.5656521442164,-76.1300967991337,-18.5163457623704));
#1765=CARTESIAN_POINT('Ctrl Pts',(-89.5666299224161,-76.1266663684422,-18.5153507680457));
#1766=CARTESIAN_POINT('Ctrl Pts',(-89.5676024722335,-76.1232341115166,-18.514356929453));
#1767=CARTESIAN_POINT('Ctrl Pts',(-89.6322415176226,-75.8937660939358,-18.448028544696));
#1768=CARTESIAN_POINT('Ctrl Pts',(-89.6736739065089,-75.6590482431585,-18.3880065378982));
#1769=CARTESIAN_POINT('Ctrl Pts',(-89.7128537711384,-75.2913832444796,-18.3256040455848));
#1770=CARTESIAN_POINT('Ctrl Pts',(-89.7219395459713,-75.1632407009332,-18.3094247456661));
#1771=CARTESIAN_POINT('Ctrl Pts',(-89.731031698872,-74.9420925405639,-18.2930033278247));
#1772=CARTESIAN_POINT('Ctrl Pts',(-89.7328772400255,-74.850182745103,-18.2895280659364));
#1773=CARTESIAN_POINT('Ctrl Pts',(-89.7328772400255,-74.6658172548969,-18.2895280659364));
#1774=CARTESIAN_POINT('Ctrl Pts',(-89.731031698872,-74.5739074594361,-18.2930033278247));
#1775=CARTESIAN_POINT('Ctrl Pts',(-89.7219395459713,-74.3527592990667,-18.3094247456661));
#1776=CARTESIAN_POINT('Ctrl Pts',(-89.7128537711384,-74.2246167555204,-18.3256040455848));
#1777=CARTESIAN_POINT('Ctrl Pts',(-89.6736739064785,-73.8569517565568,-18.3880065379466));
#1778=CARTESIAN_POINT('Ctrl Pts',(-89.6322415172104,-73.6222339045892,-18.4480285451188));
#1779=CARTESIAN_POINT('Ctrl Pts',(-89.5676024722503,-73.3927658885437,-18.5143569294357));
#1780=CARTESIAN_POINT('Ctrl Pts',(-89.5666299223997,-73.3893336315004,-18.5153507680624));
#1781=CARTESIAN_POINT('Ctrl Pts',(-89.5656521442164,-73.3859032008663,-18.5163457623704));
#1782=CARTESIAN_POINT('',(-87.5918208384352,-73.3859032008663,-20.5249310916131));
#1783=CARTESIAN_POINT('Origin',(-88.5787364913258,-74.758,-19.5206384269918));
#1784=CARTESIAN_POINT('',(-87.5918208384352,-76.1300967991337,-20.5249310916131));
#1785=CARTESIAN_POINT('Ctrl Pts',(-87.5918208384352,-73.3859032008663,-20.5249310916132));
#1786=CARTESIAN_POINT('Ctrl Pts',(-87.590843077864,-73.38933356971,-20.5259260679989));
#1787=CARTESIAN_POINT('Ctrl Pts',(-87.5898663813023,-73.3927657656411,-20.5269157970811));
#1788=CARTESIAN_POINT('Ctrl Pts',(-87.5246840291996,-73.6222062303543,-20.5926947021445));
#1789=CARTESIAN_POINT('Ctrl Pts',(-87.4654008414599,-73.8568942554799,-20.6351657855923));
#1790=CARTESIAN_POINT('Ctrl Pts',(-87.4036867998897,-74.2245444579882,-20.6754334740436));
#1791=CARTESIAN_POINT('Ctrl Pts',(-87.3876643095629,-74.3527037475454,-20.6848028148698));
#1792=CARTESIAN_POINT('Ctrl Pts',(-87.3713996571561,-74.5738817987599,-20.6941827933796));
#1793=CARTESIAN_POINT('Ctrl Pts',(-87.3679561677736,-74.6658043691673,-20.6960892328556));
#1794=CARTESIAN_POINT('Ctrl Pts',(-87.3679561677736,-74.8501956308327,-20.6960892328556));
#1795=CARTESIAN_POINT('Ctrl Pts',(-87.3713996571561,-74.9421182012401,-20.6941827933796));
#1796=CARTESIAN_POINT('Ctrl Pts',(-87.3876643095629,-75.1632962524545,-20.6848028148698));
#1797=CARTESIAN_POINT('Ctrl Pts',(-87.4036867998897,-75.2914555420118,-20.6754334740436));
#1798=CARTESIAN_POINT('Ctrl Pts',(-87.4654008413702,-75.6591057439854,-20.6351657856508));
#1799=CARTESIAN_POINT('Ctrl Pts',(-87.5246840284212,-75.8937937668831,-20.5926947029299));
#1800=CARTESIAN_POINT('Ctrl Pts',(-87.589866381333,-76.1232342344683,-20.5269157970501));
#1801=CARTESIAN_POINT('Ctrl Pts',(-87.5908430778332,-76.1266664301817,-20.5259260680303));
#1802=CARTESIAN_POINT('Ctrl Pts',(-87.5918208384352,-76.1300967991337,-20.5249310916131));
#1803=CARTESIAN_POINT('Origin',(-88.5787364913258,-74.758,-19.5206384269918));
#1804=CARTESIAN_POINT('Origin',(-88.8524016950622,5.,-17.8154364980705));
#1805=CARTESIAN_POINT('',(-89.5656521442164,-101.344,-18.5163457623704));
#1806=CARTESIAN_POINT('',(-89.5656521442164,5.,-18.5163457623704));
#1807=CARTESIAN_POINT('',(-89.553310959362,-100.344,-17.1021860489164));
#1808=CARTESIAN_POINT('Origin',(-88.8524016950622,-100.344,-17.8154364980705));
#1809=CARTESIAN_POINT('',(-89.553310959362,4.,-17.1021860489164));
#1810=CARTESIAN_POINT('',(-89.553310959362,5.,-17.1021860489164));
#1811=CARTESIAN_POINT('',(-89.5656521442164,5.,-18.5163457623704));
#1812=CARTESIAN_POINT('Origin',(-88.8524016950622,4.,-17.8154364980705));
#1813=CARTESIAN_POINT('',(-89.5656521442164,-20.2139032008663,-18.5163457623704));
#1814=CARTESIAN_POINT('',(-89.5656521442164,5.,-18.5163457623704));
#1815=CARTESIAN_POINT('',(-89.5656521442164,-22.9580967991337,-18.5163457623704));
#1816=CARTESIAN_POINT('Ctrl Pts',(-89.5656521442163,-22.9580967991339,-18.5163457623705));
#1817=CARTESIAN_POINT('Ctrl Pts',(-89.5666299223943,-22.9546663685184,-18.5153507680679));
#1818=CARTESIAN_POINT('Ctrl Pts',(-89.5676024719363,-22.9512341125713,-18.5143569297571));
#1819=CARTESIAN_POINT('Ctrl Pts',(-89.6322414716563,-22.7217662573467,-18.4480285919232));
#1820=CARTESIAN_POINT('Ctrl Pts',(-89.6736738437568,-22.4870485966743,-18.3880066279096));
#1821=CARTESIAN_POINT('Ctrl Pts',(-89.7128537368287,-22.1193836907721,-18.3256041054789));
#1822=CARTESIAN_POINT('Ctrl Pts',(-89.7219395271422,-21.9912410438519,-18.3094247792175));
#1823=CARTESIAN_POINT('Ctrl Pts',(-89.7310316957192,-21.7700926989663,-18.2930033338428));
#1824=CARTESIAN_POINT('Ctrl Pts',(-89.7328772400255,-21.6781828246461,-18.2895280659364));
#1825=CARTESIAN_POINT('Ctrl Pts',(-89.7328772400255,-21.4938171753539,-18.2895280659364));
#1826=CARTESIAN_POINT('Ctrl Pts',(-89.7310316957192,-21.4019073010337,-18.2930033338428));
#1827=CARTESIAN_POINT('Ctrl Pts',(-89.7219395271422,-21.1807589561481,-18.3094247792175));
#1828=CARTESIAN_POINT('Ctrl Pts',(-89.7128537368287,-21.0526163092279,-18.3256041054789));
#1829=CARTESIAN_POINT('Ctrl Pts',(-89.6736738435955,-20.684951401812,-18.3880066281665));
#1830=CARTESIAN_POINT('Ctrl Pts',(-89.6322414694747,-20.4502337348408,-18.4480285941624));
#1831=CARTESIAN_POINT('Ctrl Pts',(-89.5676024720235,-20.2207658877422,-18.5143569296676));
#1832=CARTESIAN_POINT('Ctrl Pts',(-89.566629922303,-20.2173336311612,-18.5153507681607));
#1833=CARTESIAN_POINT('Ctrl Pts',(-89.5656521442164,-20.2139032008663,-18.5163457623704));
#1834=CARTESIAN_POINT('',(-89.5656521442164,-46.7999032008663,-18.5163457623704));
#1835=CARTESIAN_POINT('',(-89.5656521442164,5.,-18.5163457623704));
#1836=CARTESIAN_POINT('',(-89.5656521442164,-49.5440967991337,-18.5163457623704));
#1837=CARTESIAN_POINT('Ctrl Pts',(-89.5656521442164,-49.5440967991337,-18.5163457623704));
#1838=CARTESIAN_POINT('Ctrl Pts',(-89.5666306309092,-49.5406638827694,-18.5153500470778));
#1839=CARTESIAN_POINT('Ctrl Pts',(-89.567603881502,-49.5372291380146,-18.5143554893342));
#1840=CARTESIAN_POINT('Ctrl Pts',(-89.6325562966893,-49.3066466866619,-18.4477051431392));
#1841=CARTESIAN_POINT('Ctrl Pts',(-89.674085700539,-49.0707215162473,-18.3874151364982));
#1842=CARTESIAN_POINT('Ctrl Pts',(-89.7130779932895,-48.7024578106382,-18.3252124826128));
#1843=CARTESIAN_POINT('Ctrl Pts',(-89.7220625919982,-48.5749930934335,-18.3092054398707));
#1844=CARTESIAN_POINT('Ctrl Pts',(-89.7310523038581,-48.3550544805493,-18.2929640029762));
#1845=CARTESIAN_POINT('Ctrl Pts',(-89.7328772400255,-48.2636614862772,-18.2895280659364));
#1846=CARTESIAN_POINT('Ctrl Pts',(-89.7328772400255,-48.0803385137228,-18.2895280659364));
#1847=CARTESIAN_POINT('Ctrl Pts',(-89.7310523038581,-47.9889455194507,-18.2929640029762));
#1848=CARTESIAN_POINT('Ctrl Pts',(-89.7220625919982,-47.7690069065665,-18.3092054398707));
#1849=CARTESIAN_POINT('Ctrl Pts',(-89.7130779932895,-47.6415421893618,-18.3252124826128));
#1850=CARTESIAN_POINT('Ctrl Pts',(-89.674085700539,-47.2732784837527,-18.3874151364982));
#1851=CARTESIAN_POINT('Ctrl Pts',(-89.6325562966893,-47.0373533133381,-18.4477051431392));
#1852=CARTESIAN_POINT('Ctrl Pts',(-89.5676038815014,-46.8067708619835,-18.5143554893347));
#1853=CARTESIAN_POINT('Ctrl Pts',(-89.5666306309098,-46.8033361172325,-18.5153500470773));
#1854=CARTESIAN_POINT('Ctrl Pts',(-89.5656521442164,-46.7999032008663,-18.5163457623704));
#1855=CARTESIAN_POINT('',(-89.5656521442164,5.,-18.5163457623704));
#1856=CARTESIAN_POINT('Origin',(-90.2665614085162,5.,-17.8030953132162));
#1857=CARTESIAN_POINT('',(-87.5918208384352,-101.344,-20.5249310916131));
#1858=CARTESIAN_POINT('',(-87.5918208384352,5.,-20.5249310916131));
#1859=CARTESIAN_POINT('',(-90.2665614085162,-101.344,-17.8030953132162));
#1860=CARTESIAN_POINT('Origin',(-87.8654860421716,-48.172,-18.8197291626919));
#1861=CARTESIAN_POINT('',(-88.2221112667487,-49.272,-19.1701837948418));
#1862=CARTESIAN_POINT('Origin',(-88.2221112667487,-48.172,-19.1701837948418));
#1863=CARTESIAN_POINT('',(-88.5787364913258,-50.1380254037844,-19.5206384269918));
#1864=CARTESIAN_POINT('Origin',(-87.8654860421716,-50.1380254037844,-18.8197291626919));
#1865=CARTESIAN_POINT('Origin',(-88.5787364913258,-48.172,-19.5206384269918));
#1866=CARTESIAN_POINT('',(-87.5918208384352,-46.7999032008663,-20.5249310916131));
#1867=CARTESIAN_POINT('Origin',(-88.5787364913258,-48.172,-19.5206384269918));
#1868=CARTESIAN_POINT('',(-87.5918208384352,-49.5440967991337,-20.5249310916131));
#1869=CARTESIAN_POINT('Ctrl Pts',(-87.5918208384352,-46.7999032008663,-20.5249310916131));
#1870=CARTESIAN_POINT('Ctrl Pts',(-87.5908423648446,-46.8033360712627,-20.5259267935728));
#1871=CARTESIAN_POINT('Ctrl Pts',(-87.5898649568718,-46.8067707712146,-20.5269172405163));
#1872=CARTESIAN_POINT('Ctrl Pts',(-87.5243641516549,-47.0373327475035,-20.5930171123377));
#1873=CARTESIAN_POINT('Ctrl Pts',(-87.4648130000657,-47.2732357498141,-20.6355905412109));
#1874=CARTESIAN_POINT('Ctrl Pts',(-87.4032967046723,-47.6414884631137,-20.6756659924514));
#1875=CARTESIAN_POINT('Ctrl Pts',(-87.3874457795619,-47.7689656325931,-20.6849304917082));
#1876=CARTESIAN_POINT('Ctrl Pts',(-87.3713604452586,-47.9889264599617,-20.6942042194563));
#1877=CARTESIAN_POINT('Ctrl Pts',(-87.3679561677736,-48.0803289432656,-20.6960892328556));
#1878=CARTESIAN_POINT('Ctrl Pts',(-87.3679561677736,-48.2636710567343,-20.6960892328556));
#1879=CARTESIAN_POINT('Ctrl Pts',(-87.3713604452586,-48.3550735400382,-20.6942042194563));
#1880=CARTESIAN_POINT('Ctrl Pts',(-87.3874457795619,-48.5750343674068,-20.6849304917082));
#1881=CARTESIAN_POINT('Ctrl Pts',(-87.4032967046723,-48.7025115368861,-20.6756659924514));
#1882=CARTESIAN_POINT('Ctrl Pts',(-87.464813000071,-49.0707642502179,-20.6355905412074));
#1883=CARTESIAN_POINT('Ctrl Pts',(-87.5243641517024,-49.3066672526644,-20.5930171122897));
#1884=CARTESIAN_POINT('Ctrl Pts',(-87.5898649568729,-49.5372292287891,-20.5269172405151));
#1885=CARTESIAN_POINT('Ctrl Pts',(-87.5908423648427,-49.5406639287304,-20.5259267935747));
#1886=CARTESIAN_POINT('Ctrl Pts',(-87.5918208384353,-49.5440967991339,-20.524931091613));
#1887=CARTESIAN_POINT('Origin',(-88.5787364913258,-48.172,-19.5206384269918));
#1888=CARTESIAN_POINT('Origin',(-90.2665614085162,5.,-17.8030953132162));
#1889=CARTESIAN_POINT('',(-87.5918208384352,5.,-20.5249310916131));
#1890=CARTESIAN_POINT('Origin',(-87.8654860421716,-21.586,-18.8197291626919));
#1891=CARTESIAN_POINT('',(-88.2221112667487,-22.686,-19.1701837948418));
#1892=CARTESIAN_POINT('Origin',(-88.2221112667487,-21.586,-19.1701837948418));
#1893=CARTESIAN_POINT('',(-88.5787364913258,-23.5520254037844,-19.5206384269918));
#1894=CARTESIAN_POINT('Origin',(-87.8654860421716,-23.5520254037844,-18.8197291626919));
#1895=CARTESIAN_POINT('Origin',(-88.5787364913258,-21.586,-19.5206384269918));
#1896=CARTESIAN_POINT('',(-87.5918208384352,-20.2139032008663,-20.5249310916131));
#1897=CARTESIAN_POINT('Origin',(-88.5787364913258,-21.586,-19.5206384269918));
#1898=CARTESIAN_POINT('',(-87.5918208384352,-22.9580967991337,-20.5249310916131));
#1899=CARTESIAN_POINT('Ctrl Pts',(-87.5918208384352,-20.2139032008663,-20.5249310916131));
#1900=CARTESIAN_POINT('Ctrl Pts',(-87.5908430779699,-20.2173335693388,-20.5259260678912));
#1901=CARTESIAN_POINT('Ctrl Pts',(-87.5898663818382,-20.2207657637522,-20.5269157965385));
#1902=CARTESIAN_POINT('Ctrl Pts',(-87.5246841226153,-20.4502059014475,-20.5926946079919));
#1903=CARTESIAN_POINT('Ctrl Pts',(-87.4654010178616,-20.6848935537205,-20.6351656579862));
#1904=CARTESIAN_POINT('Ctrl Pts',(-87.4036869174317,-21.0525435732753,-20.6754334039572));
#1905=CARTESIAN_POINT('Ctrl Pts',(-87.3876643754216,-21.1807030677538,-20.684802776383));
#1906=CARTESIAN_POINT('Ctrl Pts',(-87.3713996689771,-21.4018814847456,-20.6941827869213));
#1907=CARTESIAN_POINT('Ctrl Pts',(-87.3679561677736,-21.4938042114823,-20.6960892328556));
#1908=CARTESIAN_POINT('Ctrl Pts',(-87.3679561677736,-21.6781957885177,-20.6960892328556));
#1909=CARTESIAN_POINT('Ctrl Pts',(-87.3713996689771,-21.7701185152543,-20.6941827869213));
#1910=CARTESIAN_POINT('Ctrl Pts',(-87.3876643754216,-21.9912969322462,-20.684802776383));
#1911=CARTESIAN_POINT('Ctrl Pts',(-87.4036869174317,-22.1194564267247,-20.6754334039572));
#1912=CARTESIAN_POINT('Ctrl Pts',(-87.4654010179446,-22.487106446774,-20.635165657932));
#1913=CARTESIAN_POINT('Ctrl Pts',(-87.5246841233339,-22.7217941011038,-20.5926946072669));
#1914=CARTESIAN_POINT('Ctrl Pts',(-87.5898663818107,-22.9512342361496,-20.5269157965662));
#1915=CARTESIAN_POINT('Ctrl Pts',(-87.5908430779989,-22.9546664307631,-20.5259260678617));
#1916=CARTESIAN_POINT('Ctrl Pts',(-87.5918208384352,-22.9580967991337,-20.5249310916131));
#1917=CARTESIAN_POINT('Origin',(-88.5787364913258,-21.586,-19.5206384269918));
#1918=CARTESIAN_POINT('Origin',(-90.2665614085162,5.,-17.8030953132162));
#1919=CARTESIAN_POINT('',(-87.5918208384352,5.,-20.5249310916131));
#1920=CARTESIAN_POINT('Origin',(-88.2221112667487,-21.586,-19.1701837948418));
#1921=CARTESIAN_POINT('Origin',(-88.2221112667487,-48.172,-19.1701837948418));
#1922=CARTESIAN_POINT('Origin',(-88.2221112667487,-74.758,-19.1701837948418));
#1923=CARTESIAN_POINT('Origin',(-65.7001274296729,5.,-1.));
#1924=CARTESIAN_POINT('',(-65.7001274296729,-100.344,0.));
#1925=CARTESIAN_POINT('',(-66.7000629694059,-100.344,-0.988645865115012));
#1926=CARTESIAN_POINT('Origin',(-65.7001274296729,-100.344,-1.));
#1927=CARTESIAN_POINT('',(-66.7000629694059,4.,-0.988645865115012));
#1928=CARTESIAN_POINT('',(-66.7000629694059,5.,-0.988645865115012));
#1929=CARTESIAN_POINT('',(-65.7001274296729,4.,0.));
#1930=CARTESIAN_POINT('Origin',(-65.7001274296729,4.,-1.));
#1931=CARTESIAN_POINT('',(-65.7001274296729,5.,0.));
#1932=CARTESIAN_POINT('Origin',(-67.6999985091388,-100.344,-1.));
#1933=CARTESIAN_POINT('',(-67.6888408318623,-101.343873286901,-0.988645865115012));
#1934=CARTESIAN_POINT('',(-67.7057503982607,-101.344,-0.982944095927846));
#1935=CARTESIAN_POINT('Ctrl Pts',(-67.6888408318623,-101.343873286901,-0.988645865115012));
#1936=CARTESIAN_POINT('Ctrl Pts',(-67.6914182254195,-101.343911917372,-0.987776767653336));
#1937=CARTESIAN_POINT('Ctrl Pts',(-67.6939957385438,-101.34394171503,-0.986907638473809));
#1938=CARTESIAN_POINT('Ctrl Pts',(-67.6996323943767,-101.343987560895,-0.985006998223119));
#1939=CARTESIAN_POINT('Ctrl Pts',(-67.7026914482217,-101.344,-0.983975521233674));
#1940=CARTESIAN_POINT('Ctrl Pts',(-67.7057503982607,-101.344,-0.982944095927846));
#1941=CARTESIAN_POINT('Origin',(-67.6999985091388,-100.344,-0.988645865115012));
#1942=CARTESIAN_POINT('',(-65.9680965677795,-101.344,0.));
#1943=CARTESIAN_POINT('Origin',(-67.6999985091388,-100.344,0.));
#1944=CARTESIAN_POINT('Ctrl Pts',(-65.9680965677795,-101.344,3.23556230657056E-31));
#1945=CARTESIAN_POINT('Ctrl Pts',(-66.0372720196468,-101.344,-1.82558326195396E-16));
#1946=CARTESIAN_POINT('Ctrl Pts',(-66.1129705503157,-101.344,-0.0057533290388202));
#1947=CARTESIAN_POINT('Ctrl Pts',(-66.262514186434,-101.344,-0.0294830635916126));
#1948=CARTESIAN_POINT('Ctrl Pts',(-66.3363695925006,-101.344,-0.0473945095407371));
#1949=CARTESIAN_POINT('Ctrl Pts',(-66.4802904565349,-101.344,-0.0916239313400507));
#1950=CARTESIAN_POINT('Ctrl Pts',(-66.5635986879286,-101.344,-0.12389200012673));
#1951=CARTESIAN_POINT('Ctrl Pts',(-66.7248324296995,-101.344,-0.200118062513248));
#1952=CARTESIAN_POINT('Ctrl Pts',(-66.8028086627436,-101.344,-0.24396872105581));
#1953=CARTESIAN_POINT('Ctrl Pts',(-67.0113318767019,-101.344,-0.37486141919136));
#1954=CARTESIAN_POINT('Ctrl Pts',(-67.1668897786015,-101.344,-0.496995214542952));
#1955=CARTESIAN_POINT('Ctrl Pts',(-67.3539232653526,-101.344,-0.66250865293884));
#1956=CARTESIAN_POINT('Ctrl Pts',(-67.4283262667758,-101.344,-0.732175581018868));
#1957=CARTESIAN_POINT('Ctrl Pts',(-67.5120265334288,-101.344,-0.812922460133238));
#1958=CARTESIAN_POINT('Ctrl Pts',(-67.5389782237652,-101.344,-0.839186976468644));
#1959=CARTESIAN_POINT('Ctrl Pts',(-67.5839567270722,-101.344,-0.883224758414983));
#1960=CARTESIAN_POINT('Ctrl Pts',(-67.6109557971494,-101.344,-0.909829098849143));
#1961=CARTESIAN_POINT('Ctrl Pts',(-67.6452500170912,-101.344,-0.943047211580637));
#1962=CARTESIAN_POINT('Ctrl Pts',(-67.6591679831477,-101.344,-0.956546271672102));
#1963=CARTESIAN_POINT('Ctrl Pts',(-67.6752390412764,-101.344,-0.970555334855207));
#1964=CARTESIAN_POINT('Ctrl Pts',(-67.6799925949401,-101.344,-0.974527493710553));
#1965=CARTESIAN_POINT('Ctrl Pts',(-67.6859948781364,-101.344,-0.978733096459251));
#1966=CARTESIAN_POINT('Ctrl Pts',(-67.6881855951892,-101.344,-0.980133590624545));
#1967=CARTESIAN_POINT('Ctrl Pts',(-67.6930057354925,-101.344,-0.982661689397479));
#1968=CARTESIAN_POINT('Ctrl Pts',(-67.6967223874147,-101.344,-0.983943087229444));
#1969=CARTESIAN_POINT('Ctrl Pts',(-67.6999985091388,-101.344,-0.983943087229444));
#1970=CARTESIAN_POINT('Ctrl Pts',(-67.7018466431442,-101.344,-0.983943087229444));
#1971=CARTESIAN_POINT('Ctrl Pts',(-67.7038512468368,-101.344,-0.983584457101995));
#1972=CARTESIAN_POINT('Ctrl Pts',(-67.7057503982607,-101.344,-0.982944095927982));
#1973=CARTESIAN_POINT('Origin',(-67.6999985091388,4.,-1.));
#1974=CARTESIAN_POINT('',(-67.7057503982607,5.,-0.982944095927866));
#1975=CARTESIAN_POINT('',(-67.6888408318623,4.9998732869013,-0.988645865115009));
#1976=CARTESIAN_POINT('Ctrl Pts',(-67.7057503982607,5.,-0.982944095927866));
#1977=CARTESIAN_POINT('Ctrl Pts',(-67.7026914482226,5.,-0.983975521233419));
#1978=CARTESIAN_POINT('Ctrl Pts',(-67.6996323943787,4.99998756089523,-0.985006998223388));
#1979=CARTESIAN_POINT('Ctrl Pts',(-67.6939957385477,4.99994171502994,-0.986907638474668));
#1980=CARTESIAN_POINT('Ctrl Pts',(-67.691418225419,4.99991191737161,-0.987776767653499));
#1981=CARTESIAN_POINT('Ctrl Pts',(-67.6888408318623,4.9998732869013,-0.988645865115009));
#1982=CARTESIAN_POINT('',(-65.9680965677795,5.,0.));
#1983=CARTESIAN_POINT('Ctrl Pts',(-67.7057503982607,5.,-0.982944095927854));
#1984=CARTESIAN_POINT('Ctrl Pts',(-67.7038512468369,5.,-0.983584457101864));
#1985=CARTESIAN_POINT('Ctrl Pts',(-67.7018466431442,5.,-0.983943087229444));
#1986=CARTESIAN_POINT('Ctrl Pts',(-67.6999985091388,5.,-0.983943087229444));
#1987=CARTESIAN_POINT('Ctrl Pts',(-67.6967223874147,5.,-0.983943087229444));
#1988=CARTESIAN_POINT('Ctrl Pts',(-67.6930057354925,5.,-0.982661689397479));
#1989=CARTESIAN_POINT('Ctrl Pts',(-67.6881855951891,5.,-0.980133590624542));
#1990=CARTESIAN_POINT('Ctrl Pts',(-67.6859948781364,5.,-0.978733096459248));
#1991=CARTESIAN_POINT('Ctrl Pts',(-67.6799925949401,5.,-0.97452749371055));
#1992=CARTESIAN_POINT('Ctrl Pts',(-67.6752390412764,5.,-0.970555334855207));
#1993=CARTESIAN_POINT('Ctrl Pts',(-67.6591679831477,5.,-0.956546271672101));
#1994=CARTESIAN_POINT('Ctrl Pts',(-67.6452500170912,5.,-0.943047211580636));
#1995=CARTESIAN_POINT('Ctrl Pts',(-67.6109557971494,5.,-0.909829098849143));
#1996=CARTESIAN_POINT('Ctrl Pts',(-67.5839567270722,5.,-0.883224758414983));
#1997=CARTESIAN_POINT('Ctrl Pts',(-67.5389782237652,5.,-0.839186976468644));
#1998=CARTESIAN_POINT('Ctrl Pts',(-67.5120265334288,5.,-0.812922460133238));
#1999=CARTESIAN_POINT('Ctrl Pts',(-67.4283262667758,5.,-0.732175581018868));
#2000=CARTESIAN_POINT('Ctrl Pts',(-67.3539232653526,5.,-0.662508652938839));
#2001=CARTESIAN_POINT('Ctrl Pts',(-67.1668897786015,5.,-0.496995214542952));
#2002=CARTESIAN_POINT('Ctrl Pts',(-67.0113318767019,5.,-0.374861419191358));
#2003=CARTESIAN_POINT('Ctrl Pts',(-66.8028086627436,5.,-0.243968721055808));
#2004=CARTESIAN_POINT('Ctrl Pts',(-66.7248324296995,5.,-0.200118062513246));
#2005=CARTESIAN_POINT('Ctrl Pts',(-66.5635986879286,5.,-0.123892000126726));
#2006=CARTESIAN_POINT('Ctrl Pts',(-66.4802904565349,5.,-0.0916239313400499));
#2007=CARTESIAN_POINT('Ctrl Pts',(-66.3363695925006,5.,-0.0473945095407367));
#2008=CARTESIAN_POINT('Ctrl Pts',(-66.262514186434,5.,-0.0294830635916083));
#2009=CARTESIAN_POINT('Ctrl Pts',(-66.1129705503157,5.,-0.00575332903881945));
#2010=CARTESIAN_POINT('Ctrl Pts',(-66.0372720196468,5.,1.72800403654205E-16));
#2011=CARTESIAN_POINT('Ctrl Pts',(-65.9680965677795,5.,7.24149659089601E-31));
#2012=CARTESIAN_POINT('Origin',(-67.6999985091388,4.,0.));
#2013=CARTESIAN_POINT('Origin',(-67.6999985091388,4.,-0.988645865115009));
#2014=CARTESIAN_POINT('Origin',(-67.6999985091388,-100.344,-0.977291730230023));
#2015=CARTESIAN_POINT('',(-66.999089244839,-100.344,-1.69054217938421));
#2016=CARTESIAN_POINT('Origin',(-67.6999985091388,-100.344,-0.977291730230021));
#2017=CARTESIAN_POINT('Origin',(-67.6999985091388,-100.344,-0.977291730230023));
#2018=CARTESIAN_POINT('Origin',(-78.5335401341771,-100.344,-11.623383435005));
#2019=CARTESIAN_POINT('',(-78.5335401341771,-101.344,-11.623383435005));
#2020=CARTESIAN_POINT('',(-86.1776611249812,-100.344,-20.5372722764675));
#2021=CARTESIAN_POINT('Origin',(-86.878570389281,-100.344,-19.8240218273133));
#2022=CARTESIAN_POINT('',(-77.8326308698772,-100.344,-12.3366338841592));
#2023=CARTESIAN_POINT('Origin',(-62.419,-4.24,0.));
#2024=CARTESIAN_POINT('',(4.,5.,0.));
#2025=CARTESIAN_POINT('',(5.,5.,0.));
#2026=CARTESIAN_POINT('',(5.,4.,0.));
#2027=CARTESIAN_POINT('Origin',(4.,4.,0.));
#2028=CARTESIAN_POINT('',(5.,-100.344,0.));
#2029=CARTESIAN_POINT('',(5.,-101.344,0.));
#2030=CARTESIAN_POINT('',(4.,-101.344,0.));
#2031=CARTESIAN_POINT('Origin',(4.,-100.344,0.));
#2032=CARTESIAN_POINT('',(-72.15,-101.344,0.));
#2033=CARTESIAN_POINT('',(-65.2106849602803,-4.80161316144667,0.));
#2034=CARTESIAN_POINT('Origin',(-62.2106849602803,-4.80161316144667,0.));
#2035=CARTESIAN_POINT('',(-7.80068496028207,-91.901613161448,0.));
#2036=CARTESIAN_POINT('Origin',(-4.80068496028206,-91.901613161448,0.));
#2037=CARTESIAN_POINT('Origin',(-71.4490907357002,-100.344,-0.713250449154183));
#2038=CARTESIAN_POINT('',(-71.15,-101.344,-0.419334801758388));
#2039=CARTESIAN_POINT('',(-71.4490907357002,-101.344,-0.713250449154183));
#2040=CARTESIAN_POINT('',(-72.15,-100.344,0.));
#2041=CARTESIAN_POINT('Origin',(-71.15,-100.344,-0.419334801758388));
#2042=CARTESIAN_POINT('',(-72.15,-100.344,-2.4980018054066E-15));
#2043=CARTESIAN_POINT('Origin',(-51.824977446541,4.,18.5713119711747));
#2044=CARTESIAN_POINT('',(-72.15,4.,0.));
#2045=CARTESIAN_POINT('',(-52.5258867108409,4.,19.2845624203289));
#2046=CARTESIAN_POINT('',(-71.15,5.,-0.419334801758393));
#2047=CARTESIAN_POINT('Origin',(-71.15,4.,-0.419334801758389));
#2048=CARTESIAN_POINT('',(-51.824977446541,5.,18.5713119711747));
#2049=CARTESIAN_POINT('Origin',(-72.15,-101.344,0.));
#2050=CARTESIAN_POINT('',(-71.15,-101.344,18.));
#2051=CARTESIAN_POINT('',(-71.15,-101.344,0.));
#2052=CARTESIAN_POINT('',(4.,-101.344,18.));
#2053=CARTESIAN_POINT('',(4.,-101.344,0.));
#2054=CARTESIAN_POINT('',(-72.15,-101.344,18.));
#2055=CARTESIAN_POINT('Origin',(-90.2665614085162,5.,-17.8030953132162));
#2056=CARTESIAN_POINT('',(-87.5918208384352,5.,-20.5249310916131));
#2057=CARTESIAN_POINT('',(-90.2665614085162,5.,-17.8030953132162));
#2058=CARTESIAN_POINT('',(-87.5918208384352,5.,-20.5249310916131));
#2059=CARTESIAN_POINT('Origin',(5.,5.,0.));
#2060=CARTESIAN_POINT('',(-71.15,5.,18.));
#2061=CARTESIAN_POINT('',(-71.15,5.,0.));
#2062=CARTESIAN_POINT('',(4.,5.,18.));
#2063=CARTESIAN_POINT('',(5.,5.,18.));
#2064=CARTESIAN_POINT('',(4.,5.,0.));
#2065=CARTESIAN_POINT('',(-58.909426845018,5.,7.66117898532386));
#2066=CARTESIAN_POINT('Origin',(-67.6999985091388,4.,-0.977291730230018));
#2067=CARTESIAN_POINT('',(-66.999089244839,4.,-1.69054217938421));
#2068=CARTESIAN_POINT('Origin',(-67.6999985091388,4.,-0.977291730230023));
#2069=CARTESIAN_POINT('Origin',(-67.6999985091388,4.,-0.977291730230018));
#2070=CARTESIAN_POINT('Origin',(-58.909426845018,4.,7.66117898532386));
#2071=CARTESIAN_POINT('',(-86.1776611249812,4.,-20.5372722764675));
#2072=CARTESIAN_POINT('',(-58.2085175807181,4.,6.94792853616967));
#2073=CARTESIAN_POINT('Origin',(-86.878570389281,4.,-19.8240218273133));
#2074=CARTESIAN_POINT('Origin',(-67.6999985091388,5.,-0.977291730230023));
#2075=CARTESIAN_POINT('',(-66.999089244839,5.,-1.69054217938421));
#2076=CARTESIAN_POINT('Origin',(-86.878570389281,5.,-19.8240218273133));
#2077=CARTESIAN_POINT('',(-86.1776611249812,5.,-20.5372722764675));
#2078=CARTESIAN_POINT('Origin',(-86.8909115741353,5.,-21.2381815407673));
#2079=CARTESIAN_POINT('Origin',(-71.15,4.,0.));
#2080=CARTESIAN_POINT('',(-72.15,4.,18.));
#2081=CARTESIAN_POINT('Origin',(-71.15,4.,18.));
#2082=CARTESIAN_POINT('',(-72.15,4.,0.));
#2083=CARTESIAN_POINT('Origin',(-33.575,-48.172,18.));
#2084=CARTESIAN_POINT('',(-72.15,-100.344,18.));
#2085=CARTESIAN_POINT('',(-72.15,5.,18.));
#2086=CARTESIAN_POINT('Origin',(-71.15,-100.344,18.));
#2087=CARTESIAN_POINT('',(5.,-100.344,18.));
#2088=CARTESIAN_POINT('Origin',(4.,-100.344,18.));
#2089=CARTESIAN_POINT('',(5.,4.,18.));
#2090=CARTESIAN_POINT('',(5.,-101.344,18.));
#2091=CARTESIAN_POINT('Origin',(4.,4.,18.));
#2092=CARTESIAN_POINT('',(0.,0.,18.));
#2093=CARTESIAN_POINT('',(0.,-96.344,18.));
#2094=CARTESIAN_POINT('',(0.,-96.344,18.));
#2095=CARTESIAN_POINT('',(-67.15,-96.344,18.));
#2096=CARTESIAN_POINT('',(-67.15,-96.344,18.));
#2097=CARTESIAN_POINT('',(-67.15,0.,18.));
#2098=CARTESIAN_POINT('',(-67.15,0.,18.));
#2099=CARTESIAN_POINT('',(0.,0.,18.));
#2100=CARTESIAN_POINT('Origin',(4.,4.,0.));
#2101=CARTESIAN_POINT('',(5.,4.,0.));
#2102=CARTESIAN_POINT('Origin',(5.,-101.344,0.));
#2103=CARTESIAN_POINT('',(5.,-100.344,0.));
#2104=CARTESIAN_POINT('Origin',(4.,-100.344,0.));
#2105=CARTESIAN_POINT('Origin',(-71.15,-100.344,0.));
#2106=CARTESIAN_POINT('',(-72.15,-100.344,0.));
#2107=CARTESIAN_POINT('Origin',(-72.15,5.,0.));
#2108=CARTESIAN_POINT('',(-72.15,5.,0.));
#2109=CARTESIAN_POINT('Origin',(-4.80068496028206,-91.901613161448,0.));
#2110=CARTESIAN_POINT('',(-7.80068496028207,-91.901613161448,3.2));
#2111=CARTESIAN_POINT('',(-7.80068496028207,-91.901613161448,0.));
#2112=CARTESIAN_POINT('Origin',(-4.80068496028206,-91.901613161448,3.2));
#2113=CARTESIAN_POINT('Origin',(-4.80068496028206,-91.901613161448,3.2));
#2114=CARTESIAN_POINT('',(-3.20068496028207,-91.901613161448,3.2));
#2115=CARTESIAN_POINT('Origin',(-4.80068496028206,-91.901613161448,3.2));
#2116=CARTESIAN_POINT('Origin',(-62.2106849602803,-4.80161316144667,0.));
#2117=CARTESIAN_POINT('',(-65.2106849602803,-4.80161316144667,3.2));
#2118=CARTESIAN_POINT('',(-65.2106849602803,-4.80161316144667,0.));
#2119=CARTESIAN_POINT('Origin',(-62.2106849602803,-4.80161316144667,3.2));
#2120=CARTESIAN_POINT('Origin',(-62.2106849602803,-4.80161316144667,3.2));
#2121=CARTESIAN_POINT('',(-60.6106849602803,-4.80161316144667,3.2));
#2122=CARTESIAN_POINT('Origin',(-62.2106849602803,-4.80161316144667,3.2));
#2123=CARTESIAN_POINT('Origin',(-67.15,-85.8999984711408,9.19999979436397));
#2124=CARTESIAN_POINT('',(-67.15,-85.8999984711408,9.19999979436397));
#2125=CARTESIAN_POINT('',(-67.15,-82.8539243069248,9.19999979436397));
#2126=CARTESIAN_POINT('',(-67.15,-91.1219992355704,9.19999979436397));
#2127=CARTESIAN_POINT('',(-68.4,-85.8999984711408,9.19999979436397));
#2128=CARTESIAN_POINT('',(-67.15,-85.8999984711408,9.19999979436397));
#2129=CARTESIAN_POINT('',(-68.4,-82.8539243069248,9.19999979436397));
#2130=CARTESIAN_POINT('',(-68.4,-68.3999984711408,9.19999979436397));
#2131=CARTESIAN_POINT('',(-72.15,-82.8539243069248,9.19999979436397));
#2132=CARTESIAN_POINT('Origin',(-67.15,-85.8999984711408,7.59999979436397));
#2133=CARTESIAN_POINT('',(-67.15,-85.8999984711408,7.59999979436397));
#2134=CARTESIAN_POINT('',(-67.15,-85.8999984711409,3.79999989718199));
#2135=CARTESIAN_POINT('',(-68.4,-85.8999984711408,7.59999979436397));
#2136=CARTESIAN_POINT('',(-67.15,-85.8999984711408,7.59999979436397));
#2137=CARTESIAN_POINT('',(-68.4,-85.8999984711408,9.19999979436397));
#2138=CARTESIAN_POINT('Origin',(-67.15,-68.3999984711408,7.59999979436397));
#2139=CARTESIAN_POINT('',(-67.15,-68.3999984711408,7.59999979436397));
#2140=CARTESIAN_POINT('',(-67.15,-82.3719992355704,7.59999979436397));
#2141=CARTESIAN_POINT('',(-68.4,-68.3999984711408,7.59999979436397));
#2142=CARTESIAN_POINT('',(-67.15,-68.3999984711408,7.59999979436397));
#2143=CARTESIAN_POINT('',(-68.4,-85.8999984711408,7.59999979436397));
#2144=CARTESIAN_POINT('Origin',(-67.15,-68.3999984711408,9.19999979436397));
#2145=CARTESIAN_POINT('',(-67.15,-68.3999984711408,9.19999979436397));
#2146=CARTESIAN_POINT('',(-67.15,-68.3999984711409,4.59999989718199));
#2147=CARTESIAN_POINT('',(-68.4,-68.3999984711408,9.19999979436397));
#2148=CARTESIAN_POINT('',(-67.15,-68.3999984711408,9.19999979436397));
#2149=CARTESIAN_POINT('',(-68.4,-68.3999984711408,7.59999979436397));
#2150=CARTESIAN_POINT('Origin',(-67.15,-71.5001803979697,9.19999979436397));
#2151=CARTESIAN_POINT('',(-67.15,-71.5001803979697,9.19999979436397));
#2152=CARTESIAN_POINT('',(-67.15,-83.9220901989849,9.19999979436397));
#2153=CARTESIAN_POINT('',(-68.4,-71.5001803979697,9.19999979436397));
#2154=CARTESIAN_POINT('',(-72.15,-71.5001803979697,9.19999979436397));
#2155=CARTESIAN_POINT('',(-68.4,-68.3999984711408,9.19999979436397));
#2156=CARTESIAN_POINT('Origin',(-68.4,-77.1499984711408,10.444999897182));
#2157=CARTESIAN_POINT('',(-68.4,-73.1770523524472,8.29000000000003));
#2158=CARTESIAN_POINT('Origin',(-68.4,-73.1770523524473,10.29));
#2159=CARTESIAN_POINT('',(-68.4,-81.1770523524473,8.29000000000003));
#2160=CARTESIAN_POINT('',(-68.4,-79.1635254117941,8.29000000000003));
#2161=CARTESIAN_POINT('Origin',(-68.4,-81.1770523524473,10.29));
#2162=CARTESIAN_POINT('Origin',(-72.15,-71.1770523524473,10.29));
#2163=CARTESIAN_POINT('',(-71.35,-71.1770523524473,11.29));
#2164=CARTESIAN_POINT('',(-67.15,-71.1770523524473,11.29));
#2165=CARTESIAN_POINT('',(-72.15,-71.1770523524473,11.29));
#2166=CARTESIAN_POINT('',(-71.35,-71.1770523524473,10.29));
#2167=CARTESIAN_POINT('',(-71.35,-71.1770523524473,5.14500000000002));
#2168=CARTESIAN_POINT('',(-67.15,-71.1770523524473,10.29));
#2169=CARTESIAN_POINT('',(-72.15,-71.1770523524473,10.29));
#2170=CARTESIAN_POINT('',(-67.15,-71.1770523524473,5.14500000000002));
#2171=CARTESIAN_POINT('Origin',(-67.15,-96.344,0.));
#2172=CARTESIAN_POINT('',(-67.15,0.,3.));
#2173=CARTESIAN_POINT('',(-67.15,-96.344,3.));
#2174=CARTESIAN_POINT('',(-67.15,-72.258,3.));
#2175=CARTESIAN_POINT('',(-67.15,0.,0.));
#2176=CARTESIAN_POINT('',(-67.15,-96.344,0.));
#2177=CARTESIAN_POINT('',(-67.15,-83.1770523524472,10.29));
#2178=CARTESIAN_POINT('Origin',(-67.15,-81.1770523524473,10.29));
#2179=CARTESIAN_POINT('',(-67.15,-83.1770523524472,11.29));
#2180=CARTESIAN_POINT('',(-67.15,-83.1770523524472,5.64500000000002));
#2181=CARTESIAN_POINT('',(-67.15,-81.1770523524473,13.29));
#2182=CARTESIAN_POINT('Origin',(-67.15,-81.1770523524473,11.29));
#2183=CARTESIAN_POINT('',(-67.15,-73.1770523524473,13.29));
#2184=CARTESIAN_POINT('',(-67.15,-84.7605261762236,13.29));
#2185=CARTESIAN_POINT('Origin',(-67.15,-73.1770523524473,11.29));
#2186=CARTESIAN_POINT('Origin',(-67.15,-73.1770523524473,10.29));
#2187=CARTESIAN_POINT('Origin',(-72.15,-73.1770523524473,11.29));
#2188=CARTESIAN_POINT('',(-71.35,-73.1770523524473,13.29));
#2189=CARTESIAN_POINT('',(-72.15,-73.1770523524473,13.29));
#2190=CARTESIAN_POINT('Origin',(-71.35,-73.1770523524473,11.29));
#2191=CARTESIAN_POINT('Origin',(-72.15,-73.1770523524473,13.29));
#2192=CARTESIAN_POINT('',(-71.35,-81.1770523524473,13.29));
#2193=CARTESIAN_POINT('',(-72.15,-81.1770523524473,13.29));
#2194=CARTESIAN_POINT('',(-71.35,-34.0885261762236,13.29));
#2195=CARTESIAN_POINT('Origin',(-72.15,-81.1770523524473,11.29));
#2196=CARTESIAN_POINT('',(-71.35,-83.1770523524472,11.29));
#2197=CARTESIAN_POINT('',(-72.15,-83.1770523524472,11.29));
#2198=CARTESIAN_POINT('Origin',(-71.35,-81.1770523524473,11.29));
#2199=CARTESIAN_POINT('Origin',(-72.15,-83.1770523524472,11.29));
#2200=CARTESIAN_POINT('',(-71.35,-83.1770523524472,10.29));
#2201=CARTESIAN_POINT('',(-72.15,-83.1770523524472,10.29));
#2202=CARTESIAN_POINT('',(-71.35,-83.1770523524472,5.64500000000002));
#2203=CARTESIAN_POINT('Origin',(-71.35,-73.1770523524473,11.29));
#2204=CARTESIAN_POINT('',(-72.15,-70.3770523524473,11.29));
#2205=CARTESIAN_POINT('Origin',(-71.35,-70.3770523524473,11.29));
#2206=CARTESIAN_POINT('',(-72.15,-73.1770523524472,14.09));
#2207=CARTESIAN_POINT('Origin',(-71.35,-73.1770523524472,14.09));
#2208=CARTESIAN_POINT('Origin',(-72.15,-73.1770523524473,11.29));
#2209=CARTESIAN_POINT('Origin',(-71.35,-34.0885261762236,14.09));
#2210=CARTESIAN_POINT('',(-72.15,-81.1770523524473,14.09));
#2211=CARTESIAN_POINT('Origin',(-71.35,-81.1770523524473,14.09));
#2212=CARTESIAN_POINT('',(-72.15,-34.0885261762236,14.09));
#2213=CARTESIAN_POINT('Origin',(-71.35,-81.1770523524473,11.29));
#2214=CARTESIAN_POINT('',(-72.15,-83.9770523524473,11.29));
#2215=CARTESIAN_POINT('Origin',(-71.35,-83.9770523524473,11.29));
#2216=CARTESIAN_POINT('Origin',(-72.15,-81.1770523524473,11.29));
#2217=CARTESIAN_POINT('Origin',(-71.35,-83.9770523524473,5.64500000000002));
#2218=CARTESIAN_POINT('',(-72.15,-83.9770523524473,10.29));
#2219=CARTESIAN_POINT('Origin',(-71.35,-83.9770523524473,10.29));
#2220=CARTESIAN_POINT('',(-72.15,-83.9770523524473,5.64500000000002));
#2221=CARTESIAN_POINT('Origin',(-71.35,-81.1770523524473,10.29));
#2222=CARTESIAN_POINT('',(-71.35,-81.1770523524473,8.29000000000003));
#2223=CARTESIAN_POINT('',(-72.15,-81.1770523524473,7.49000000000003));
#2224=CARTESIAN_POINT('Origin',(-71.35,-81.1770523524473,7.49000000000003));
#2225=CARTESIAN_POINT('Origin',(-72.15,-81.1770523524473,10.29));
#2226=CARTESIAN_POINT('Origin',(-71.35,-81.1770523524473,10.29));
#2227=CARTESIAN_POINT('Origin',(-71.35,-38.0885261762236,7.49000000000005));
#2228=CARTESIAN_POINT('',(-71.35,-73.1770523524472,8.29000000000003));
#2229=CARTESIAN_POINT('',(-72.15,-73.1770523524472,7.49000000000003));
#2230=CARTESIAN_POINT('Origin',(-71.35,-73.1770523524472,7.49000000000003));
#2231=CARTESIAN_POINT('',(-72.15,-38.0885261762236,7.49000000000005));
#2232=CARTESIAN_POINT('',(-71.35,-38.0885261762236,8.29000000000005));
#2233=CARTESIAN_POINT('Origin',(-71.35,-73.1770523524473,10.29));
#2234=CARTESIAN_POINT('',(-72.15,-70.3770523524473,10.29));
#2235=CARTESIAN_POINT('Origin',(-71.35,-70.3770523524473,10.29));
#2236=CARTESIAN_POINT('Origin',(-72.15,-73.1770523524473,10.29));
#2237=CARTESIAN_POINT('Origin',(-71.35,-73.1770523524473,10.29));
#2238=CARTESIAN_POINT('Origin',(-71.35,-70.3770523524473,5.14500000000002));
#2239=CARTESIAN_POINT('',(-72.15,-70.3770523524473,5.14500000000002));
#2240=CARTESIAN_POINT('Origin',(-72.15,5.,0.));
#2241=CARTESIAN_POINT('Origin',(-72.15,-73.1770523524473,10.29));
#2242=CARTESIAN_POINT('',(-72.15,-73.1770523524472,8.29000000000003));
#2243=CARTESIAN_POINT('Origin',(-72.15,-81.1770523524473,8.29000000000003));
#2244=CARTESIAN_POINT('',(-72.15,-81.1770523524473,8.29000000000003));
#2245=CARTESIAN_POINT('Origin',(-72.15,-81.1770523524473,10.29));
#2246=CARTESIAN_POINT('Origin',(-33.575,-48.172,3.));
#2247=CARTESIAN_POINT('',(0.,0.,3.));
#2248=CARTESIAN_POINT('',(-50.3625,0.,3.));
#2249=CARTESIAN_POINT('',(0.,-96.344,3.));
#2250=CARTESIAN_POINT('',(-16.7875,-96.344,3.));
#2251=CARTESIAN_POINT('',(0.,-24.086,3.));
#2252=CARTESIAN_POINT('',(-1.20068496028206,-91.901613161448,3.));
#2253=CARTESIAN_POINT('Origin',(-4.80068496028206,-91.901613161448,3.));
#2254=CARTESIAN_POINT('',(-58.6106849602803,-4.80161316144667,3.));
#2255=CARTESIAN_POINT('Origin',(-62.2106849602803,-4.80161316144667,3.));
#2256=CARTESIAN_POINT('Origin',(-4.80068496028206,-91.901613161448,3.));
#2257=CARTESIAN_POINT('',(-1.20068496028206,-91.901613161448,6.22));
#2258=CARTESIAN_POINT('',(-1.20068496028206,-91.901613161448,3.));
#2259=CARTESIAN_POINT('Origin',(-4.80068496028206,-91.901613161448,6.22));
#2260=CARTESIAN_POINT('Origin',(-4.609,-91.91,6.22));
#2261=CARTESIAN_POINT('',(-3.20068496028207,-91.901613161448,6.22));
#2262=CARTESIAN_POINT('Origin',(-4.80068496028206,-91.901613161448,6.22));
#2263=CARTESIAN_POINT('Origin',(-4.80068496028206,-91.901613161448,3.));
#2264=CARTESIAN_POINT('',(-3.20068496028207,-91.901613161448,3.));
#2265=CARTESIAN_POINT('Origin',(-62.2106849602803,-4.80161316144667,3.));
#2266=CARTESIAN_POINT('',(-58.6106849602803,-4.80161316144667,6.22));
#2267=CARTESIAN_POINT('',(-58.6106849602803,-4.80161316144667,3.));
#2268=CARTESIAN_POINT('Origin',(-62.2106849602803,-4.80161316144667,6.22));
#2269=CARTESIAN_POINT('Origin',(-62.2106849602803,-4.80161316144667,3.));
#2270=CARTESIAN_POINT('',(-60.6106849602803,-4.80161316144667,6.22));
#2271=CARTESIAN_POINT('',(-60.6106849602803,-4.80161316144667,3.));
#2272=CARTESIAN_POINT('Origin',(-62.2106849602803,-4.80161316144667,6.22));
#2273=CARTESIAN_POINT('Origin',(-62.419,-4.24,6.22));
#2274=CARTESIAN_POINT('Origin',(-67.15,0.,0.));
#2275=CARTESIAN_POINT('',(0.,0.,0.));
#2276=CARTESIAN_POINT('Origin',(0.,0.,0.));
#2277=CARTESIAN_POINT('',(0.,-96.344,0.));
#2278=CARTESIAN_POINT('Origin',(0.,-96.344,0.));
#2279=UNCERTAINTY_MEASURE_WITH_UNIT(LENGTH_MEASURE(0.01),#2283,
'DISTANCE_ACCURACY_VALUE',
'Maximum model space distance between geometric entities at asserted c
onnectivities');
#2280=UNCERTAINTY_MEASURE_WITH_UNIT(LENGTH_MEASURE(0.01),#2283,
'DISTANCE_ACCURACY_VALUE',
'Maximum model space distance between geometric entities at asserted c
onnectivities');
#2281=(
GEOMETRIC_REPRESENTATION_CONTEXT(3)
GLOBAL_UNCERTAINTY_ASSIGNED_CONTEXT((#2279))
GLOBAL_UNIT_ASSIGNED_CONTEXT((#2283,#2285,#2286))
REPRESENTATION_CONTEXT('','3D')
);
#2282=(
GEOMETRIC_REPRESENTATION_CONTEXT(3)
GLOBAL_UNCERTAINTY_ASSIGNED_CONTEXT((#2280))
GLOBAL_UNIT_ASSIGNED_CONTEXT((#2283,#2285,#2286))
REPRESENTATION_CONTEXT('','3D')
);
#2283=(
LENGTH_UNIT()
NAMED_UNIT(*)
SI_UNIT(.MILLI.,.METRE.)
);
#2284=(
LENGTH_UNIT()
NAMED_UNIT(*)
SI_UNIT($,.METRE.)
);
#2285=(
NAMED_UNIT(*)
PLANE_ANGLE_UNIT()
SI_UNIT($,.RADIAN.)
);
#2286=(
NAMED_UNIT(*)
SI_UNIT($,.STERADIAN.)
SOLID_ANGLE_UNIT()
);
#2287=SHAPE_DEFINITION_REPRESENTATION(#2288,#2289);
#2288=PRODUCT_DEFINITION_SHAPE('',$,#2291);
#2289=SHAPE_REPRESENTATION('',(#1233),#2281);
#2290=PRODUCT_DEFINITION_CONTEXT('part definition',#2295,'design');
#2291=PRODUCT_DEFINITION('base','base v6',#2292,#2290);
#2292=PRODUCT_DEFINITION_FORMATION('',$,#2297);
#2293=PRODUCT_RELATED_PRODUCT_CATEGORY('base v6','base v6',(#2297));
#2294=APPLICATION_PROTOCOL_DEFINITION('international standard',
'automotive_design',2009,#2295);
#2295=APPLICATION_CONTEXT(
'Core Data for Automotive Mechanical Design Process');
#2296=PRODUCT_CONTEXT('part definition',#2295,'mechanical');
#2297=PRODUCT('base','base v6',$,(#2296));
#2298=PRESENTATION_STYLE_ASSIGNMENT((#2300));
#2299=PRESENTATION_STYLE_ASSIGNMENT((#2301));
#2300=SURFACE_STYLE_USAGE(.BOTH.,#2302);
#2301=SURFACE_STYLE_USAGE(.BOTH.,#2303);
#2302=SURFACE_SIDE_STYLE('',(#2304));
#2303=SURFACE_SIDE_STYLE('',(#2305));
#2304=SURFACE_STYLE_FILL_AREA(#2306);
#2305=SURFACE_STYLE_FILL_AREA(#2307);
#2306=FILL_AREA_STYLE('Steel - Satin',(#2308));
#2307=FILL_AREA_STYLE('Opaque(38,37,37)',(#2309));
#2308=FILL_AREA_STYLE_COLOUR('Steel - Satin',#2310);
#2309=FILL_AREA_STYLE_COLOUR('Opaque(38,37,37)',#2311);
#2310=COLOUR_RGB('Steel - Satin',0.627450980392157,0.627450980392157,0.627450980392157);
#2311=COLOUR_RGB('Opaque(38,37,37)',0.149019607843137,0.145098039215686,
0.145098039215686);
ENDSEC;
END-ISO-10303-21;
